2026-10-05 21:15:01,760 [INFO] solar_forecast.main: Starting pipeline at 2026-10-05T21:15:01.760738+00:00 UTC
2026-10-05 21:15:01,761 [INFO] solar_forecast.main: Step 1/2: Building forecast vectors...
2026-10-05 21:15:01,911 [INFO] solar_forecast.processing.vector_builder: Stored east vector: 672 blocks, 76.83 kWh, UTC=2026-10-05T21:15:01.760738+00:00
2026-10-05 21:15:01,923 [INFO] solar_forecast.processing.vector_builder: Stored west vector: 672 blocks, 12.03 kWh, UTC=2026-10-05T21:15:01.760738+00:00
2026-10-05 21:15:01,923 [INFO] solar_forecast.main: Forecast vectors stored with UTC timestamp
2026-10-05 21:15:01,924 [INFO] solar_forecast.main: Step 2/2: Updating accuracy model...
2026-10-05 21:15:02,023 [INFO] solar_forecast.main: Accuracy model updated: 0 cells
2026-10-05 21:15:02,023 [INFO] solar_forecast.main: Pipeline completed at 2026-10-05T21:15:01.760738+00:00
2026-10-05 21:30:01,287 [INFO] solar_forecast.main: Starting pipeline at 2026-10-05T21:30:01.287661+00:00 UTC
2026-10-05 21:30:01,288 [INFO] solar_forecast.main: Step 1/2: Building forecast vectors...
2026-10-05 21:30:01,714 [INFO] solar_forecast.processing.vector_builder: Stored east vector: 672 blocks, 76.83 kWh, UTC=2026-10-05T21:30:01.287661+00:00
2026-10-05 21:30:01,949 [INFO] solar_forecast.processing.vector_builder: Stored west vector: 672 blocks, 12.03 kWh, UTC=2026-10-05T21:30:01.287661+00:00
2026-10-05 21:30:01,950 [INFO] solar_forecast.main: Forecast vectors stored with UTC timestamp
2026-10-05 21:30:01,950 [INFO] solar_forecast.main: Step 2/2: Updating accuracy model...
2026-10-05 21:30:02,066 [INFO] solar_forecast.main: Accuracy model updated: 0 cells
2026-10-05 21:30:02,066 [INFO] solar_forecast.main: Pipeline completed at 2026-10-05T21:30:01.287661+00:00
2026-10-05 21:45:01,329 [INFO] solar_forecast.main: Starting pipeline at 2026-10-05T21:45:01.328900+00:00 UTC
2026-10-05 21:45:01,329 [INFO] solar_forecast.main: Step 1/2: Building forecast vectors...
2026-10-05 21:45:01,496 [INFO] solar_forecast.processing.vector_builder: Stored east vector: 672 blocks, 76.83 kWh, UTC=2026-10-05T21:45:01.328900+00:00
2026-10-05 21:45:01,507 [INFO] solar_forecast.processing.vector_builder: Stored west vector: 672 blocks, 12.03 kWh, UTC=2026-10-05T21:45:01.328900+00:00
2026-10-05 21:45:01,507 [INFO] solar_forecast.main: Forecast vectors stored with UTC timestamp
2026-10-05 21:45:01,508 [INFO] solar_forecast.main: Step 2/2: Updating accuracy model...
2026-10-05 21:45:01,609 [INFO] solar_forecast.main: Accuracy model updated: 0 cells
2026-10-05 21:45:01,609 [INFO] solar_forecast.main: Pipeline completed at 2026-10-05T21:45:01.328900+00:00
2026-10-05 22:00:01,846 [INFO] solar_forecast.main: Starting pipeline at 2026-10-05T22:00:01.845949+00:00 UTC
2026-10-05 22:00:01,846 [INFO] solar_forecast.main: Step 1/2: Building forecast vectors...
2026-10-05 22:00:01,927 [WARNING] solar_forecast.sensors.forecast_fetcher: Rolling vector: 1/672 blocks have no sensor data (filled with 0.0)
2026-10-05 22:00:01,960 [WARNING] solar_forecast.sensors.forecast_fetcher: Rolling vector: 1/672 blocks have no sensor data (filled with 0.0)
2026-10-05 22:00:02,017 [INFO] solar_forecast.processing.vector_builder: Stored east vector: 672 blocks, 78.65 kWh, UTC=2026-10-05T22:00:01.845949+00:00
2026-10-05 22:00:02,031 [INFO] solar_forecast.processing.vector_builder: Stored west vector: 672 blocks, 12.07 kWh, UTC=2026-10-05T22:00:01.845949+00:00
2026-10-05 22:00:02,031 [INFO] solar_forecast.main: Forecast vectors stored with UTC timestamp
2026-10-05 22:00:02,032 [INFO] solar_forecast.main: Step 2/2: Updating accuracy model...
2026-10-05 22:00:02,148 [INFO] solar_forecast.main: Accuracy model updated: 0 cells
2026-10-05 22:00:02,149 [INFO] solar_forecast.main: Pipeline completed at 2026-10-05T22:00:01.845949+00:00
2026-10-05 22:15:01,400 [INFO] solar_forecast.main: Starting pipeline at 2026-10-05T22:15:01.399946+00:00 UTC
2026-10-05 22:15:01,400 [INFO] solar_forecast.main: Step 1/2: Building forecast vectors...
2026-10-05 22:15:01,482 [WARNING] solar_forecast.sensors.forecast_fetcher: Rolling vector: 2/672 blocks have no sensor data (filled with 0.0)
2026-10-05 22:15:01,515 [WARNING] solar_forecast.sensors.forecast_fetcher: Rolling vector: 2/672 blocks have no sensor data (filled with 0.0)
2026-10-05 22:15:01,577 [INFO] solar_forecast.processing.vector_builder: Stored east vector: 672 blocks, 80.29 kWh, UTC=2026-10-05T22:15:01.399946+00:00
2026-10-05 22:15:01,601 [INFO] solar_forecast.processing.vector_builder: Stored west vector: 672 blocks, 11.94 kWh, UTC=2026-10-05T22:15:01.399946+00:00
2026-10-05 22:15:01,601 [INFO] solar_forecast.main: Forecast vectors stored with UTC timestamp
2026-10-05 22:15:01,602 [INFO] solar_forecast.main: Step 2/2: Updating accuracy model...
2026-10-05 22:15:01,718 [INFO] solar_forecast.main: Accuracy model updated: 0 cells
2026-10-05 22:15:01,718 [INFO] solar_forecast.main: Pipeline completed at 2026-10-05T22:15:01.399946+00:00
2026-10-05 22:30:01,996 [INFO] solar_forecast.main: Starting pipeline at 2026-10-05T22:30:01.996368+00:00 UTC
2026-10-05 22:30:01,997 [INFO] solar_forecast.main: Step 1/2: Building forecast vectors...
2026-10-05 22:30:02,080 [WARNING] solar_forecast.sensors.forecast_fetcher: Rolling vector: 3/672 blocks have no sensor data (filled with 0.0)
2026-10-05 22:30:02,113 [WARNING] solar_forecast.sensors.forecast_fetcher: Rolling vector: 3/672 blocks have no sensor data (filled with 0.0)
2026-10-05 22:30:02,170 [INFO] solar_forecast.processing.vector_builder: Stored east vector: 672 blocks, 80.29 kWh, UTC=2026-10-05T22:30:01.996368+00:00
2026-10-05 22:30:02,182 [INFO] solar_forecast.processing.vector_builder: Stored west vector: 672 blocks, 11.94 kWh, UTC=2026-10-05T22:30:01.996368+00:00
2026-10-05 22:30:02,182 [INFO] solar_forecast.main: Forecast vectors stored with UTC timestamp
2026-10-05 22:30:02,182 [INFO] solar_forecast.main: Step 2/2: Updating accuracy model...
2026-10-05 22:30:02,283 [INFO] solar_forecast.main: Accuracy model updated: 0 cells
2026-10-05 22:30:02,283 [INFO] solar_forecast.main: Pipeline completed at 2026-10-05T22:30:01.996368+00:00
2026-10-05 22:45:01,559 [INFO] solar_forecast.main: Starting pipeline at 2026-10-05T22:45:01.559332+00:00 UTC
2026-10-05 22:45:01,559 [INFO] solar_forecast.main: Step 1/2: Building forecast vectors...
2026-10-05 22:45:01,639 [WARNING] solar_forecast.sensors.forecast_fetcher: Rolling vector: 4/672 blocks have no sensor data (filled with 0.0)
2026-10-05 22:45:01,672 [WARNING] solar_forecast.sensors.forecast_fetcher: Rolling vector: 4/672 blocks have no sensor data (filled with 0.0)
2026-10-05 22:45:01,723 [INFO] solar_forecast.processing.vector_builder: Stored east vector: 672 blocks, 80.29 kWh, UTC=2026-10-05T22:45:01.559332+00:00
2026-10-05 22:45:01,735 [INFO] solar_forecast.processing.vector_builder: Stored west vector: 672 blocks, 11.94 kWh, UTC=2026-10-05T22:45:01.559332+00:00
2026-10-05 22:45:01,736 [INFO] solar_forecast.main: Forecast vectors stored with UTC timestamp
2026-10-05 22:45:01,736 [INFO] solar_forecast.main: Step 2/2: Updating accuracy model...
2026-10-05 22:45:01,840 [INFO] solar_forecast.main: Accuracy model updated: 0 cells
2026-10-05 22:45:01,840 [INFO] solar_forecast.main: Pipeline completed at 2026-10-05T22:45:01.559332+00:00
2026-10-05 23:00:02,109 [INFO] solar_forecast.main: Starting pipeline at 2026-10-05T23:00:02.109046+00:00 UTC
2026-10-05 23:00:02,109 [INFO] solar_forecast.main: Step 1/2: Building forecast vectors...
2026-10-05 23:00:02,189 [WARNING] solar_forecast.sensors.forecast_fetcher: Rolling vector: 5/672 blocks have no sensor data (filled with 0.0)
2026-10-05 23:00:02,224 [WARNING] solar_forecast.sensors.forecast_fetcher: Rolling vector: 5/672 blocks have no sensor data (filled with 0.0)
2026-10-05 23:00:02,277 [INFO] solar_forecast.processing.vector_builder: Stored east vector: 672 blocks, 80.29 kWh, UTC=2026-10-05T23:00:02.109046+00:00
2026-10-05 23:00:02,289 [INFO] solar_forecast.processing.vector_builder: Stored west vector: 672 blocks, 11.94 kWh, UTC=2026-10-05T23:00:02.109046+00:00
2026-10-05 23:00:02,290 [INFO] solar_forecast.main: Forecast vectors stored with UTC timestamp
2026-10-05 23:00:02,290 [INFO] solar_forecast.main: Step 2/2: Updating accuracy model...
2026-10-05 23:00:02,412 [INFO] solar_forecast.main: Accuracy model updated: 0 cells
2026-10-05 23:00:02,412 [INFO] solar_forecast.main: Pipeline completed at 2026-10-05T23:00:02.109046+00:00
2026-10-05 23:15:01,658 [INFO] solar_forecast.main: Starting pipeline at 2026-10-05T23:15:01.657965+00:00 UTC
2026-10-05 23:15:01,658 [INFO] solar_forecast.main: Step 1/2: Building forecast vectors...
2026-10-05 23:15:01,734 [WARNING] solar_forecast.sensors.forecast_fetcher: Rolling vector: 6/672 blocks have no sensor data (filled with 0.0)
2026-10-05 23:15:01,764 [WARNING] solar_forecast.sensors.forecast_fetcher: Rolling vector: 6/672 blocks have no sensor data (filled with 0.0)
2026-10-05 23:15:01,809 [INFO] solar_forecast.processing.vector_builder: Stored east vector: 672 blocks, 80.29 kWh, UTC=2026-10-05T23:15:01.657965+00:00
2026-10-05 23:15:01,821 [INFO] solar_forecast.processing.vector_builder: Stored west vector: 672 blocks, 11.94 kWh, UTC=2026-10-05T23:15:01.657965+00:00
2026-10-05 23:15:01,822 [INFO] solar_forecast.main: Forecast vectors stored with UTC timestamp
2026-10-05 23:15:01,822 [INFO] solar_forecast.main: Step 2/2: Updating accuracy model...
2026-10-05 23:15:01,938 [INFO] solar_forecast.main: Accuracy model updated: 0 cells
2026-10-05 23:15:01,939 [INFO] solar_forecast.main: Pipeline completed at 2026-10-05T23:15:01.657965+00:00
2026-10-05 23:30:02,195 [INFO] solar_forecast.main: Starting pipeline at 2026-10-05T23:30:02.195477+00:00 UTC
2026-10-05 23:30:02,195 [INFO] solar_forecast.main: Step 1/2: Building forecast vectors...
2026-10-05 23:30:02,276 [WARNING] solar_forecast.sensors.forecast_fetcher: Rolling vector: 7/672 blocks have no sensor data (filled with 0.0)
2026-10-05 23:30:02,308 [WARNING] solar_forecast.sensors.forecast_fetcher: Rolling vector: 7/672 blocks have no sensor data (filled with 0.0)
2026-10-05 23:30:02,361 [INFO] solar_forecast.processing.vector_builder: Stored east vector: 672 blocks, 80.29 kWh, UTC=2026-10-05T23:30:02.195477+00:00
2026-10-05 23:30:02,383 [INFO] solar_forecast.processing.vector_builder: Stored west vector: 672 blocks, 11.94 kWh, UTC=2026-10-05T23:30:02.195477+00:00
2026-10-05 23:30:02,384 [INFO] solar_forecast.main: Forecast vectors stored with UTC timestamp
2026-10-05 23:30:02,384 [INFO] solar_forecast.main: Step 2/2: Updating accuracy model...
2026-10-05 23:30:02,510 [INFO] solar_forecast.main: Accuracy model updated: 0 cells
2026-10-05 23:30:02,510 [INFO] solar_forecast.main: Pipeline completed at 2026-10-05T23:30:02.195477+00:00
2026-10-05 23:45:01,776 [INFO] solar_forecast.main: Starting pipeline at 2026-10-05T23:45:01.776508+00:00 UTC
2026-10-05 23:45:01,776 [INFO] solar_forecast.main: Step 1/2: Building forecast vectors...
2026-10-05 23:45:01,855 [WARNING] solar_forecast.sensors.forecast_fetcher: Rolling vector: 8/672 blocks have no sensor data (filled with 0.0)
2026-10-05 23:45:01,888 [WARNING] solar_forecast.sensors.forecast_fetcher: Rolling vector: 8/672 blocks have no sensor data (filled with 0.0)
2026-10-05 23:45:02,376 [INFO] solar_forecast.processing.vector_builder: Stored east vector: 672 blocks, 80.29 kWh, UTC=2026-10-05T23:45:01.776508+00:00
2026-10-05 23:45:02,461 [INFO] solar_forecast.processing.vector_builder: Stored west vector: 672 blocks, 11.94 kWh, UTC=2026-10-05T23:45:01.776508+00:00
2026-10-05 23:45:02,461 [INFO] solar_forecast.main: Forecast vectors stored with UTC timestamp
2026-10-05 23:45:02,462 [INFO] solar_forecast.main: Step 2/2: Updating accuracy model...
2026-10-05 23:45:02,603 [INFO] solar_forecast.main: Accuracy model updated: 0 cells
2026-10-05 23:45:02,603 [INFO] solar_forecast.main: Pipeline completed at 2026-10-05T23:45:01.776508+00:00
2026-10-06 00:00:01,885 [INFO] solar_forecast.main: Starting pipeline at 2026-10-06T00:00:01.885762+00:00 UTC
2026-10-06 00:00:01,886 [INFO] solar_forecast.main: Step 1/2: Building forecast vectors...
2026-10-06 00:00:01,978 [WARNING] solar_forecast.sensors.forecast_fetcher: Rolling vector: 9/672 blocks have no sensor data (filled with 0.0)
2026-10-06 00:00:02,016 [WARNING] solar_forecast.sensors.forecast_fetcher: Rolling vector: 9/672 blocks have no sensor data (filled with 0.0)
2026-10-06 00:00:02,075 [INFO] solar_forecast.processing.vector_builder: Stored east vector: 672 blocks, 75.85 kWh, UTC=2026-10-06T00:00:01.885762+00:00
2026-10-06 00:00:02,089 [INFO] solar_forecast.processing.vector_builder: Stored west vector: 672 blocks, 11.93 kWh, UTC=2026-10-06T00:00:01.885762+00:00
2026-10-06 00:00:02,092 [INFO] solar_forecast.main: Forecast vectors stored with UTC timestamp
2026-10-06 00:00:02,092 [INFO] solar_forecast.main: Step 2/2: Updating accuracy model...
2026-10-06 00:00:02,209 [INFO] solar_forecast.main: Accuracy model updated: 0 cells
2026-10-06 00:00:02,209 [INFO] solar_forecast.main: Pipeline completed at 2026-10-06T00:00:01.885762+00:00
2026-10-06 00:15:01,451 [INFO] solar_forecast.main: Starting pipeline at 2026-10-06T00:15:01.451180+00:00 UTC
2026-10-06 00:15:01,451 [INFO] solar_forecast.main: Step 1/2: Building forecast vectors...
2026-10-06 00:15:01,544 [WARNING] solar_forecast.sensors.forecast_fetcher: Rolling vector: 10/672 blocks have no sensor data (filled with 0.0)
2026-10-06 00:15:01,574 [WARNING] solar_forecast.sensors.forecast_fetcher: Rolling vector: 10/672 blocks have no sensor data (filled with 0.0)
2026-10-06 00:15:01,626 [INFO] solar_forecast.processing.vector_builder: Stored east vector: 672 blocks, 75.85 kWh, UTC=2026-10-06T00:15:01.451180+00:00
2026-10-06 00:15:01,639 [INFO] solar_forecast.processing.vector_builder: Stored west vector: 672 blocks, 11.93 kWh, UTC=2026-10-06T00:15:01.451180+00:00
2026-10-06 00:15:01,640 [INFO] solar_forecast.main: Forecast vectors stored with UTC timestamp
2026-10-06 00:15:01,640 [INFO] solar_forecast.main: Step 2/2: Updating accuracy model...
2026-10-06 00:15:01,747 [INFO] solar_forecast.main: Accuracy model updated: 0 cells
2026-10-06 00:15:01,747 [INFO] solar_forecast.main: Pipeline completed at 2026-10-06T00:15:01.451180+00:00
2026-10-06 00:30:02,008 [INFO] solar_forecast.main: Starting pipeline at 2026-10-06T00:30:02.008075+00:00 UTC
2026-10-06 00:30:02,008 [INFO] solar_forecast.main: Step 1/2: Building forecast vectors...
2026-10-06 00:30:02,088 [WARNING] solar_forecast.sensors.forecast_fetcher: Rolling vector: 11/672 blocks have no sensor data (filled with 0.0)
2026-10-06 00:30:02,119 [WARNING] solar_forecast.sensors.forecast_fetcher: Rolling vector: 11/672 blocks have no sensor data (filled with 0.0)
2026-10-06 00:30:02,180 [INFO] solar_forecast.processing.vector_builder: Stored east vector: 672 blocks, 73.27 kWh, UTC=2026-10-06T00:30:02.008075+00:00
2026-10-06 00:30:02,194 [INFO] solar_forecast.processing.vector_builder: Stored west vector: 672 blocks, 11.97 kWh, UTC=2026-10-06T00:30:02.008075+00:00
2026-10-06 00:30:02,195 [INFO] solar_forecast.main: Forecast vectors stored with UTC timestamp
2026-10-06 00:30:02,195 [INFO] solar_forecast.main: Step 2/2: Updating accuracy model...
2026-10-06 00:30:02,449 [INFO] solar_forecast.main: Accuracy model updated: 2 cells
2026-10-06 00:30:02,449 [INFO] solar_forecast.main: Pipeline completed at 2026-10-06T00:30:02.008075+00:00
2026-10-06 00:45:01,719 [INFO] solar_forecast.main: Starting pipeline at 2026-10-06T00:45:01.719110+00:00 UTC
2026-10-06 00:45:01,719 [INFO] solar_forecast.main: Step 1/2: Building forecast vectors...
2026-10-06 00:45:01,793 [WARNING] solar_forecast.sensors.forecast_fetcher: Rolling vector: 12/672 blocks have no sensor data (filled with 0.0)
2026-10-06 00:45:01,822 [WARNING] solar_forecast.sensors.forecast_fetcher: Rolling vector: 12/672 blocks have no sensor data (filled with 0.0)
2026-10-06 00:45:01,873 [INFO] solar_forecast.processing.vector_builder: Stored east vector: 672 blocks, 73.27 kWh, UTC=2026-10-06T00:45:01.719110+00:00
2026-10-06 00:45:01,888 [INFO] solar_forecast.processing.vector_builder: Stored west vector: 672 blocks, 11.97 kWh, UTC=2026-10-06T00:45:01.719110+00:00
2026-10-06 00:45:01,888 [INFO] solar_forecast.main: Forecast vectors stored with UTC timestamp
2026-10-06 00:45:01,889 [INFO] solar_forecast.main: Step 2/2: Updating accuracy model...
2026-10-06 00:45:02,111 [INFO] solar_forecast.main: Accuracy model updated: 2 cells
2026-10-06 00:45:02,112 [INFO] solar_forecast.main: Pipeline completed at 2026-10-06T00:45:01.719110+00:00
2026-10-06 01:00:01,355 [INFO] solar_forecast.main: Starting pipeline at 2026-10-06T01:00:01.355660+00:00 UTC
2026-10-06 01:00:01,356 [INFO] solar_forecast.main: Step 1/2: Building forecast vectors...
2026-10-06 01:00:01,444 [WARNING] solar_forecast.sensors.forecast_fetcher: Rolling vector: 13/672 blocks have no sensor data (filled with 0.0)
2026-10-06 01:00:01,474 [WARNING] solar_forecast.sensors.forecast_fetcher: Rolling vector: 13/672 blocks have no sensor data (filled with 0.0)
2026-10-06 01:00:01,532 [INFO] solar_forecast.processing.vector_builder: Stored east vector: 672 blocks, 71.97 kWh, UTC=2026-10-06T01:00:01.355660+00:00
2026-10-06 01:00:01,545 [INFO] solar_forecast.processing.vector_builder: Stored west vector: 672 blocks, 11.52 kWh, UTC=2026-10-06T01:00:01.355660+00:00
2026-10-06 01:00:01,545 [INFO] solar_forecast.main: Forecast vectors stored with UTC timestamp
2026-10-06 01:00:01,546 [INFO] solar_forecast.main: Step 2/2: Updating accuracy model...
2026-10-06 01:00:01,786 [INFO] solar_forecast.main: Accuracy model updated: 2 cells
2026-10-06 01:00:01,787 [INFO] solar_forecast.main: Pipeline completed at 2026-10-06T01:00:01.355660+00:00
2026-10-06 01:15:02,027 [INFO] solar_forecast.main: Starting pipeline at 2026-10-06T01:15:02.027819+00:00 UTC
2026-10-06 01:15:02,028 [INFO] solar_forecast.main: Step 1/2: Building forecast vectors...
2026-10-06 01:15:02,102 [WARNING] solar_forecast.sensors.forecast_fetcher: Rolling vector: 14/672 blocks have no sensor data (filled with 0.0)
2026-10-06 01:15:02,131 [WARNING] solar_forecast.sensors.forecast_fetcher: Rolling vector: 14/672 blocks have no sensor data (filled with 0.0)
2026-10-06 01:15:02,181 [INFO] solar_forecast.processing.vector_builder: Stored east vector: 672 blocks, 71.97 kWh, UTC=2026-10-06T01:15:02.027819+00:00
2026-10-06 01:15:02,197 [INFO] solar_forecast.processing.vector_builder: Stored west vector: 672 blocks, 11.52 kWh, UTC=2026-10-06T01:15:02.027819+00:00
2026-10-06 01:15:02,199 [INFO] solar_forecast.main: Forecast vectors stored with UTC timestamp
2026-10-06 01:15:02,199 [INFO] solar_forecast.main: Step 2/2: Updating accuracy model...
2026-10-06 01:15:02,416 [INFO] solar_forecast.main: Accuracy model updated: 2 cells
2026-10-06 01:15:02,417 [INFO] solar_forecast.main: Pipeline completed at 2026-10-06T01:15:02.027819+00:00
2026-10-06 01:30:01,662 [INFO] solar_forecast.main: Starting pipeline at 2026-10-06T01:30:01.661988+00:00 UTC
2026-10-06 01:30:01,662 [INFO] solar_forecast.main: Step 1/2: Building forecast vectors...
2026-10-06 01:30:01,742 [WARNING] solar_forecast.sensors.forecast_fetcher: Rolling vector: 15/672 blocks have no sensor data (filled with 0.0)
2026-10-06 01:30:01,772 [WARNING] solar_forecast.sensors.forecast_fetcher: Rolling vector: 15/672 blocks have no sensor data (filled with 0.0)
2026-10-06 01:30:01,821 [INFO] solar_forecast.processing.vector_builder: Stored east vector: 672 blocks, 71.98 kWh, UTC=2026-10-06T01:30:01.661988+00:00
2026-10-06 01:30:01,833 [INFO] solar_forecast.processing.vector_builder: Stored west vector: 672 blocks, 11.52 kWh, UTC=2026-10-06T01:30:01.661988+00:00
2026-10-06 01:30:01,834 [INFO] solar_forecast.main: Forecast vectors stored with UTC timestamp
2026-10-06 01:30:01,834 [INFO] solar_forecast.main: Step 2/2: Updating accuracy model...
2026-10-06 01:30:02,071 [INFO] solar_forecast.main: Accuracy model updated: 2 cells
2026-10-06 01:30:02,071 [INFO] solar_forecast.main: Pipeline completed at 2026-10-06T01:30:01.661988+00:00
2026-10-06 01:45:01,345 [INFO] solar_forecast.main: Starting pipeline at 2026-10-06T01:45:01.345714+00:00 UTC
2026-10-06 01:45:01,346 [INFO] solar_forecast.main: Step 1/2: Building forecast vectors...
2026-10-06 01:45:01,419 [WARNING] solar_forecast.sensors.forecast_fetcher: Rolling vector: 16/672 blocks have no sensor data (filled with 0.0)
2026-10-06 01:45:01,452 [WARNING] solar_forecast.sensors.forecast_fetcher: Rolling vector: 16/672 blocks have no sensor data (filled with 0.0)
2026-10-06 01:45:01,514 [INFO] solar_forecast.processing.vector_builder: Stored east vector: 672 blocks, 71.98 kWh, UTC=2026-10-06T01:45:01.345714+00:00
2026-10-06 01:45:01,526 [INFO] solar_forecast.processing.vector_builder: Stored west vector: 672 blocks, 11.52 kWh, UTC=2026-10-06T01:45:01.345714+00:00
2026-10-06 01:45:01,530 [INFO] solar_forecast.main: Forecast vectors stored with UTC timestamp
2026-10-06 01:45:01,530 [INFO] solar_forecast.main: Step 2/2: Updating accuracy model...
2026-10-06 01:45:01,741 [INFO] solar_forecast.main: Accuracy model updated: 2 cells
2026-10-06 01:45:01,742 [INFO] solar_forecast.main: Pipeline completed at 2026-10-06T01:45:01.345714+00:00
2026-10-06 02:00:02,010 [INFO] solar_forecast.main: Starting pipeline at 2026-10-06T02:00:02.010655+00:00 UTC
2026-10-06 02:00:02,011 [INFO] solar_forecast.main: Step 1/2: Building forecast vectors...
2026-10-06 02:00:02,102 [WARNING] solar_forecast.sensors.forecast_fetcher: Rolling vector: 17/672 blocks have no sensor data (filled with 0.0)
2026-10-06 02:00:02,136 [WARNING] solar_forecast.sensors.forecast_fetcher: Rolling vector: 17/672 blocks have no sensor data (filled with 0.0)
2026-10-06 02:00:02,188 [INFO] solar_forecast.processing.vector_builder: Stored east vector: 672 blocks, 72.47 kWh, UTC=2026-10-06T02:00:02.010655+00:00
2026-10-06 02:00:02,201 [INFO] solar_forecast.processing.vector_builder: Stored west vector: 672 blocks, 12.14 kWh, UTC=2026-10-06T02:00:02.010655+00:00
2026-10-06 02:00:02,202 [INFO] solar_forecast.main: Forecast vectors stored with UTC timestamp
2026-10-06 02:00:02,202 [INFO] solar_forecast.main: Step 2/2: Updating accuracy model...
2026-10-06 02:00:02,438 [INFO] solar_forecast.main: Accuracy model updated: 2 cells
2026-10-06 02:00:02,438 [INFO] solar_forecast.main: Pipeline completed at 2026-10-06T02:00:02.010655+00:00
2026-10-06 02:15:01,849 [INFO] solar_forecast.main: Starting pipeline at 2026-10-06T02:15:01.842051+00:00 UTC
2026-10-06 02:15:01,855 [INFO] solar_forecast.main: Step 1/2: Building forecast vectors...
2026-10-06 02:15:01,949 [WARNING] solar_forecast.sensors.forecast_fetcher: Rolling vector: 18/672 blocks have no sensor data (filled with 0.0)
2026-10-06 02:15:01,978 [WARNING] solar_forecast.sensors.forecast_fetcher: Rolling vector: 18/672 blocks have no sensor data (filled with 0.0)
2026-10-06 02:15:02,028 [INFO] solar_forecast.processing.vector_builder: Stored east vector: 672 blocks, 72.47 kWh, UTC=2026-10-06T02:15:01.842051+00:00
2026-10-06 02:15:02,041 [INFO] solar_forecast.processing.vector_builder: Stored west vector: 672 blocks, 12.14 kWh, UTC=2026-10-06T02:15:01.842051+00:00
2026-10-06 02:15:02,042 [INFO] solar_forecast.main: Forecast vectors stored with UTC timestamp
2026-10-06 02:15:02,042 [INFO] solar_forecast.main: Step 2/2: Updating accuracy model...
2026-10-06 02:15:02,298 [INFO] solar_forecast.main: Accuracy model updated: 2 cells
2026-10-06 02:15:02,298 [INFO] solar_forecast.main: Pipeline completed at 2026-10-06T02:15:01.842051+00:00
2026-10-06 02:30:01,557 [INFO] solar_forecast.main: Starting pipeline at 2026-10-06T02:30:01.556890+00:00 UTC
2026-10-06 02:30:01,557 [INFO] solar_forecast.main: Step 1/2: Building forecast vectors...
2026-10-06 02:30:01,641 [WARNING] solar_forecast.sensors.forecast_fetcher: Rolling vector: 19/672 blocks have no sensor data (filled with 0.0)
2026-10-06 02:30:01,680 [WARNING] solar_forecast.sensors.forecast_fetcher: Rolling vector: 19/672 blocks have no sensor data (filled with 0.0)
2026-10-06 02:30:01,744 [INFO] solar_forecast.processing.vector_builder: Stored east vector: 672 blocks, 72.47 kWh, UTC=2026-10-06T02:30:01.556890+00:00
2026-10-06 02:30:01,757 [INFO] solar_forecast.processing.vector_builder: Stored west vector: 672 blocks, 12.14 kWh, UTC=2026-10-06T02:30:01.556890+00:00
2026-10-06 02:30:01,760 [INFO] solar_forecast.main: Forecast vectors stored with UTC timestamp
2026-10-06 02:30:01,760 [INFO] solar_forecast.main: Step 2/2: Updating accuracy model...
2026-10-06 02:30:02,005 [INFO] solar_forecast.main: Accuracy model updated: 2 cells
2026-10-06 02:30:02,005 [INFO] solar_forecast.main: Pipeline completed at 2026-10-06T02:30:01.556890+00:00
2026-10-06 02:45:01,277 [INFO] solar_forecast.main: Starting pipeline at 2026-10-06T02:45:01.277624+00:00 UTC
2026-10-06 02:45:01,278 [INFO] solar_forecast.main: Step 1/2: Building forecast vectors...
2026-10-06 02:45:01,356 [WARNING] solar_forecast.sensors.forecast_fetcher: Rolling vector: 20/672 blocks have no sensor data (filled with 0.0)
2026-10-06 02:45:01,392 [WARNING] solar_forecast.sensors.forecast_fetcher: Rolling vector: 20/672 blocks have no sensor data (filled with 0.0)
2026-10-06 02:45:01,443 [INFO] solar_forecast.processing.vector_builder: Stored east vector: 672 blocks, 72.47 kWh, UTC=2026-10-06T02:45:01.277624+00:00
2026-10-06 02:45:01,463 [INFO] solar_forecast.processing.vector_builder: Stored west vector: 672 blocks, 12.14 kWh, UTC=2026-10-06T02:45:01.277624+00:00
2026-10-06 02:45:01,464 [INFO] solar_forecast.main: Forecast vectors stored with UTC timestamp
2026-10-06 02:45:01,464 [INFO] solar_forecast.main: Step 2/2: Updating accuracy model...
2026-10-06 02:45:01,695 [INFO] solar_forecast.main: Accuracy model updated: 2 cells
2026-10-06 02:45:01,696 [INFO] solar_forecast.main: Pipeline completed at 2026-10-06T02:45:01.277624+00:00
2026-10-06 03:00:01,976 [INFO] solar_forecast.main: Starting pipeline at 2026-10-06T03:00:01.976161+00:00 UTC
2026-10-06 03:00:01,976 [INFO] solar_forecast.main: Step 1/2: Building forecast vectors...
2026-10-06 03:00:02,059 [WARNING] solar_forecast.sensors.forecast_fetcher: Rolling vector: 21/672 blocks have no sensor data (filled with 0.0)
2026-10-06 03:00:02,094 [WARNING] solar_forecast.sensors.forecast_fetcher: Rolling vector: 21/672 blocks have no sensor data (filled with 0.0)
2026-10-06 03:00:02,151 [INFO] solar_forecast.processing.vector_builder: Stored east vector: 672 blocks, 75.30 kWh, UTC=2026-10-06T03:00:01.976161+00:00
2026-10-06 03:00:02,166 [INFO] solar_forecast.processing.vector_builder: Stored west vector: 672 blocks, 12.04 kWh, UTC=2026-10-06T03:00:01.976161+00:00
2026-10-06 03:00:02,167 [INFO] solar_forecast.main: Forecast vectors stored with UTC timestamp
2026-10-06 03:00:02,167 [INFO] solar_forecast.main: Step 2/2: Updating accuracy model...
2026-10-06 03:00:02,422 [INFO] solar_forecast.main: Accuracy model updated: 2 cells
2026-10-06 03:00:02,423 [INFO] solar_forecast.main: Pipeline completed at 2026-10-06T03:00:01.976161+00:00
2026-10-06 03:15:01,671 [INFO] solar_forecast.main: Starting pipeline at 2026-10-06T03:15:01.670984+00:00 UTC
2026-10-06 03:15:01,671 [INFO] solar_forecast.main: Step 1/2: Building forecast vectors...
2026-10-06 03:15:01,746 [WARNING] solar_forecast.sensors.forecast_fetcher: Rolling vector: 22/672 blocks have no sensor data (filled with 0.0)
2026-10-06 03:15:01,779 [WARNING] solar_forecast.sensors.forecast_fetcher: Rolling vector: 22/672 blocks have no sensor data (filled with 0.0)
2026-10-06 03:15:02,023 [INFO] solar_forecast.processing.vector_builder: Stored east vector: 672 blocks, 75.30 kWh, UTC=2026-10-06T03:15:01.670984+00:00
2026-10-06 03:15:02,044 [INFO] solar_forecast.processing.vector_builder: Stored west vector: 672 blocks, 12.04 kWh, UTC=2026-10-06T03:15:01.670984+00:00
2026-10-06 03:15:02,045 [INFO] solar_forecast.main: Forecast vectors stored with UTC timestamp
2026-10-06 03:15:02,045 [INFO] solar_forecast.main: Step 2/2: Updating accuracy model...
2026-10-06 03:15:02,277 [INFO] solar_forecast.main: Accuracy model updated: 2 cells
2026-10-06 03:15:02,277 [INFO] solar_forecast.main: Pipeline completed at 2026-10-06T03:15:01.670984+00:00
2026-10-06 03:30:01,544 [INFO] solar_forecast.main: Starting pipeline at 2026-10-06T03:30:01.544129+00:00 UTC
2026-10-06 03:30:01,544 [INFO] solar_forecast.main: Step 1/2: Building forecast vectors...
2026-10-06 03:30:01,624 [WARNING] solar_forecast.sensors.forecast_fetcher: Rolling vector: 23/672 blocks have no sensor data (filled with 0.0)
2026-10-06 03:30:01,655 [WARNING] solar_forecast.sensors.forecast_fetcher: Rolling vector: 23/672 blocks have no sensor data (filled with 0.0)
2026-10-06 03:30:01,713 [INFO] solar_forecast.processing.vector_builder: Stored east vector: 672 blocks, 75.30 kWh, UTC=2026-10-06T03:30:01.544129+00:00
2026-10-06 03:30:01,726 [INFO] solar_forecast.processing.vector_builder: Stored west vector: 672 blocks, 12.04 kWh, UTC=2026-10-06T03:30:01.544129+00:00
2026-10-06 03:30:01,727 [INFO] solar_forecast.main: Forecast vectors stored with UTC timestamp
2026-10-06 03:30:01,727 [INFO] solar_forecast.main: Step 2/2: Updating accuracy model...
2026-10-06 03:30:01,957 [INFO] solar_forecast.main: Accuracy model updated: 2 cells
2026-10-06 03:30:01,957 [INFO] solar_forecast.main: Pipeline completed at 2026-10-06T03:30:01.544129+00:00
2026-10-06 03:45:01,280 [INFO] solar_forecast.main: Starting pipeline at 2026-10-06T03:45:01.279900+00:00 UTC
2026-10-06 03:45:01,280 [INFO] solar_forecast.main: Step 1/2: Building forecast vectors...
2026-10-06 03:45:01,357 [WARNING] solar_forecast.sensors.forecast_fetcher: Rolling vector: 24/672 blocks have no sensor data (filled with 0.0)
2026-10-06 03:45:01,390 [WARNING] solar_forecast.sensors.forecast_fetcher: Rolling vector: 24/672 blocks have no sensor data (filled with 0.0)
2026-10-06 03:45:01,449 [INFO] solar_forecast.processing.vector_builder: Stored east vector: 672 blocks, 75.30 kWh, UTC=2026-10-06T03:45:01.279900+00:00
2026-10-06 03:45:01,461 [INFO] solar_forecast.processing.vector_builder: Stored west vector: 672 blocks, 12.04 kWh, UTC=2026-10-06T03:45:01.279900+00:00
2026-10-06 03:45:01,465 [INFO] solar_forecast.main: Forecast vectors stored with UTC timestamp
2026-10-06 03:45:01,465 [INFO] solar_forecast.main: Step 2/2: Updating accuracy model...
2026-10-06 03:45:01,694 [INFO] solar_forecast.main: Accuracy model updated: 2 cells
2026-10-06 03:45:01,694 [INFO] solar_forecast.main: Pipeline completed at 2026-10-06T03:45:01.279900+00:00
2026-10-06 04:00:01,953 [INFO] solar_forecast.main: Starting pipeline at 2026-10-06T04:00:01.953648+00:00 UTC
2026-10-06 04:00:01,954 [INFO] solar_forecast.main: Step 1/2: Building forecast vectors...
2026-10-06 04:00:02,039 [WARNING] solar_forecast.sensors.forecast_fetcher: Rolling vector: 25/672 blocks have no sensor data (filled with 0.0)
2026-10-06 04:00:02,076 [WARNING] solar_forecast.sensors.forecast_fetcher: Rolling vector: 25/672 blocks have no sensor data (filled with 0.0)
2026-10-06 04:00:02,131 [INFO] solar_forecast.processing.vector_builder: Stored east vector: 672 blocks, 70.26 kWh, UTC=2026-10-06T04:00:01.953648+00:00
2026-10-06 04:00:02,149 [INFO] solar_forecast.processing.vector_builder: Stored west vector: 672 blocks, 11.81 kWh, UTC=2026-10-06T04:00:01.953648+00:00
2026-10-06 04:00:02,150 [INFO] solar_forecast.main: Forecast vectors stored with UTC timestamp
2026-10-06 04:00:02,150 [INFO] solar_forecast.main: Step 2/2: Updating accuracy model...
2026-10-06 04:00:02,429 [INFO] solar_forecast.main: Accuracy model updated: 2 cells
2026-10-06 04:00:02,429 [INFO] solar_forecast.main: Pipeline completed at 2026-10-06T04:00:01.953648+00:00
2026-10-06 04:15:01,688 [INFO] solar_forecast.main: Starting pipeline at 2026-10-06T04:15:01.688734+00:00 UTC
2026-10-06 04:15:01,689 [INFO] solar_forecast.main: Step 1/2: Building forecast vectors...
2026-10-06 04:15:01,764 [WARNING] solar_forecast.sensors.forecast_fetcher: Rolling vector: 26/672 blocks have no sensor data (filled with 0.0)
2026-10-06 04:15:01,794 [WARNING] solar_forecast.sensors.forecast_fetcher: Rolling vector: 26/672 blocks have no sensor data (filled with 0.0)
2026-10-06 04:15:01,845 [INFO] solar_forecast.processing.vector_builder: Stored east vector: 672 blocks, 70.26 kWh, UTC=2026-10-06T04:15:01.688734+00:00
2026-10-06 04:15:01,857 [INFO] solar_forecast.processing.vector_builder: Stored west vector: 672 blocks, 11.81 kWh, UTC=2026-10-06T04:15:01.688734+00:00
2026-10-06 04:15:01,858 [INFO] solar_forecast.main: Forecast vectors stored with UTC timestamp
2026-10-06 04:15:01,858 [INFO] solar_forecast.main: Step 2/2: Updating accuracy model...
2026-10-06 04:15:02,083 [INFO] solar_forecast.main: Accuracy model updated: 2 cells
2026-10-06 04:15:02,084 [INFO] solar_forecast.main: Pipeline completed at 2026-10-06T04:15:01.688734+00:00
2026-10-06 04:30:01,343 [INFO] solar_forecast.main: Starting pipeline at 2026-10-06T04:30:01.343727+00:00 UTC
2026-10-06 04:30:01,344 [INFO] solar_forecast.main: Step 1/2: Building forecast vectors...
2026-10-06 04:30:01,424 [WARNING] solar_forecast.sensors.forecast_fetcher: Rolling vector: 27/672 blocks have no sensor data (filled with 0.0)
2026-10-06 04:30:01,456 [WARNING] solar_forecast.sensors.forecast_fetcher: Rolling vector: 27/672 blocks have no sensor data (filled with 0.0)
2026-10-06 04:30:01,513 [INFO] solar_forecast.processing.vector_builder: Stored east vector: 672 blocks, 70.26 kWh, UTC=2026-10-06T04:30:01.343727+00:00
2026-10-06 04:30:01,527 [INFO] solar_forecast.processing.vector_builder: Stored west vector: 672 blocks, 11.81 kWh, UTC=2026-10-06T04:30:01.343727+00:00
2026-10-06 04:30:01,531 [INFO] solar_forecast.main: Forecast vectors stored with UTC timestamp
2026-10-06 04:30:01,531 [INFO] solar_forecast.main: Step 2/2: Updating accuracy model...
2026-10-06 04:30:01,766 [INFO] solar_forecast.main: Accuracy model updated: 2 cells
2026-10-06 04:30:01,766 [INFO] solar_forecast.main: Pipeline completed at 2026-10-06T04:30:01.343727+00:00
2026-10-06 04:45:02,035 [INFO] solar_forecast.main: Starting pipeline at 2026-10-06T04:45:02.035116+00:00 UTC
2026-10-06 04:45:02,035 [INFO] solar_forecast.main: Step 1/2: Building forecast vectors...
2026-10-06 04:45:02,109 [WARNING] solar_forecast.sensors.forecast_fetcher: Rolling vector: 28/672 blocks have no sensor data (filled with 0.0)
2026-10-06 04:45:02,144 [WARNING] solar_forecast.sensors.forecast_fetcher: Rolling vector: 28/672 blocks have no sensor data (filled with 0.0)
2026-10-06 04:45:02,201 [INFO] solar_forecast.processing.vector_builder: Stored east vector: 672 blocks, 70.26 kWh, UTC=2026-10-06T04:45:02.035116+00:00
2026-10-06 04:45:02,223 [INFO] solar_forecast.processing.vector_builder: Stored west vector: 672 blocks, 11.81 kWh, UTC=2026-10-06T04:45:02.035116+00:00
2026-10-06 04:45:02,224 [INFO] solar_forecast.main: Forecast vectors stored with UTC timestamp
2026-10-06 04:45:02,224 [INFO] solar_forecast.main: Step 2/2: Updating accuracy model...
2026-10-06 04:45:02,474 [INFO] solar_forecast.main: Accuracy model updated: 2 cells
2026-10-06 04:45:02,475 [INFO] solar_forecast.main: Pipeline completed at 2026-10-06T04:45:02.035116+00:00
2026-10-06 05:00:01,734 [INFO] solar_forecast.main: Starting pipeline at 2026-10-06T05:00:01.734798+00:00 UTC
2026-10-06 05:00:01,735 [INFO] solar_forecast.main: Step 1/2: Building forecast vectors...
2026-10-06 05:00:01,812 [WARNING] solar_forecast.sensors.forecast_fetcher: Rolling vector: 29/672 blocks have no sensor data (filled with 0.0)
2026-10-06 05:00:01,845 [WARNING] solar_forecast.sensors.forecast_fetcher: Rolling vector: 29/672 blocks have no sensor data (filled with 0.0)
2026-10-06 05:00:01,903 [INFO] solar_forecast.processing.vector_builder: Stored east vector: 672 blocks, 70.42 kWh, UTC=2026-10-06T05:00:01.734798+00:00
2026-10-06 05:00:01,930 [INFO] solar_forecast.processing.vector_builder: Stored west vector: 672 blocks, 12.29 kWh, UTC=2026-10-06T05:00:01.734798+00:00
2026-10-06 05:00:01,931 [INFO] solar_forecast.main: Forecast vectors stored with UTC timestamp
2026-10-06 05:00:01,931 [INFO] solar_forecast.main: Step 2/2: Updating accuracy model...
2026-10-06 05:00:02,162 [INFO] solar_forecast.main: Accuracy model updated: 2 cells
2026-10-06 05:00:02,162 [INFO] solar_forecast.main: Pipeline completed at 2026-10-06T05:00:01.734798+00:00
2026-10-06 05:15:01,406 [INFO] solar_forecast.main: Starting pipeline at 2026-10-06T05:15:01.405881+00:00 UTC
2026-10-06 05:15:01,406 [INFO] solar_forecast.main: Step 1/2: Building forecast vectors...
2026-10-06 05:15:01,488 [WARNING] solar_forecast.sensors.forecast_fetcher: Rolling vector: 30/672 blocks have no sensor data (filled with 0.0)
2026-10-06 05:15:01,520 [WARNING] solar_forecast.sensors.forecast_fetcher: Rolling vector: 30/672 blocks have no sensor data (filled with 0.0)
2026-10-06 05:15:01,719 [INFO] solar_forecast.processing.vector_builder: Stored east vector: 672 blocks, 70.42 kWh, UTC=2026-10-06T05:15:01.405881+00:00
2026-10-06 05:15:02,141 [INFO] solar_forecast.processing.vector_builder: Stored west vector: 672 blocks, 12.29 kWh, UTC=2026-10-06T05:15:01.405881+00:00
2026-10-06 05:15:02,141 [INFO] solar_forecast.main: Forecast vectors stored with UTC timestamp
2026-10-06 05:15:02,142 [INFO] solar_forecast.main: Step 2/2: Updating accuracy model...
2026-10-06 05:15:02,598 [INFO] solar_forecast.main: Accuracy model updated: 2 cells
2026-10-06 05:15:02,598 [INFO] solar_forecast.main: Pipeline completed at 2026-10-06T05:15:01.405881+00:00
2026-10-06 05:30:01,902 [INFO] solar_forecast.main: Starting pipeline at 2026-10-06T05:30:01.902469+00:00 UTC
2026-10-06 05:30:01,903 [INFO] solar_forecast.main: Step 1/2: Building forecast vectors...
2026-10-06 05:30:01,982 [WARNING] solar_forecast.sensors.forecast_fetcher: Rolling vector: 31/672 blocks have no sensor data (filled with 0.0)
2026-10-06 05:30:02,014 [WARNING] solar_forecast.sensors.forecast_fetcher: Rolling vector: 31/672 blocks have no sensor data (filled with 0.0)
2026-10-06 05:30:02,083 [INFO] solar_forecast.processing.vector_builder: Stored east vector: 672 blocks, 70.42 kWh, UTC=2026-10-06T05:30:01.902469+00:00
2026-10-06 05:30:02,098 [INFO] solar_forecast.processing.vector_builder: Stored west vector: 672 blocks, 12.29 kWh, UTC=2026-10-06T05:30:01.902469+00:00
2026-10-06 05:30:02,099 [INFO] solar_forecast.main: Forecast vectors stored with UTC timestamp
2026-10-06 05:30:02,099 [INFO] solar_forecast.main: Step 2/2: Updating accuracy model...
2026-10-06 05:30:02,352 [INFO] solar_forecast.main: Accuracy model updated: 2 cells
2026-10-06 05:30:02,352 [INFO] solar_forecast.main: Pipeline completed at 2026-10-06T05:30:01.902469+00:00
2026-10-06 05:45:01,628 [INFO] solar_forecast.main: Starting pipeline at 2026-10-06T05:45:01.628686+00:00 UTC
2026-10-06 05:45:01,629 [INFO] solar_forecast.main: Step 1/2: Building forecast vectors...
2026-10-06 05:45:01,704 [WARNING] solar_forecast.sensors.forecast_fetcher: Rolling vector: 32/672 blocks have no sensor data (filled with 0.0)
2026-10-06 05:45:01,734 [WARNING] solar_forecast.sensors.forecast_fetcher: Rolling vector: 32/672 blocks have no sensor data (filled with 0.0)
2026-10-06 05:45:01,793 [INFO] solar_forecast.processing.vector_builder: Stored east vector: 672 blocks, 70.42 kWh, UTC=2026-10-06T05:45:01.628686+00:00
2026-10-06 05:45:01,807 [INFO] solar_forecast.processing.vector_builder: Stored west vector: 672 blocks, 12.29 kWh, UTC=2026-10-06T05:45:01.628686+00:00
2026-10-06 05:45:01,808 [INFO] solar_forecast.main: Forecast vectors stored with UTC timestamp
2026-10-06 05:45:01,808 [INFO] solar_forecast.main: Step 2/2: Updating accuracy model...
2026-10-06 05:45:02,056 [INFO] solar_forecast.main: Accuracy model updated: 2 cells
2026-10-06 05:45:02,056 [INFO] solar_forecast.main: Pipeline completed at 2026-10-06T05:45:01.628686+00:00
2026-10-06 06:00:01,324 [INFO] solar_forecast.main: Starting pipeline at 2026-10-06T06:00:01.324507+00:00 UTC
2026-10-06 06:00:01,324 [INFO] solar_forecast.main: Step 1/2: Building forecast vectors...
2026-10-06 06:00:01,405 [WARNING] solar_forecast.sensors.forecast_fetcher: Rolling vector: 33/672 blocks have no sensor data (filled with 0.0)
2026-10-06 06:00:01,438 [WARNING] solar_forecast.sensors.forecast_fetcher: Rolling vector: 33/672 blocks have no sensor data (filled with 0.0)
2026-10-06 06:00:01,498 [INFO] solar_forecast.processing.vector_builder: Stored east vector: 672 blocks, 68.50 kWh, UTC=2026-10-06T06:00:01.324507+00:00
2026-10-06 06:00:01,511 [INFO] solar_forecast.processing.vector_builder: Stored west vector: 672 blocks, 11.52 kWh, UTC=2026-10-06T06:00:01.324507+00:00
2026-10-06 06:00:01,515 [INFO] solar_forecast.main: Forecast vectors stored with UTC timestamp
2026-10-06 06:00:01,515 [INFO] solar_forecast.main: Step 2/2: Updating accuracy model...
2026-10-06 06:00:01,779 [INFO] solar_forecast.main: Accuracy model updated: 2 cells
2026-10-06 06:00:01,780 [INFO] solar_forecast.main: Pipeline completed at 2026-10-06T06:00:01.324507+00:00
2026-10-06 06:15:02,020 [INFO] solar_forecast.main: Starting pipeline at 2026-10-06T06:15:02.020227+00:00 UTC
2026-10-06 06:15:02,020 [INFO] solar_forecast.main: Step 1/2: Building forecast vectors...
2026-10-06 06:15:02,099 [WARNING] solar_forecast.sensors.forecast_fetcher: Rolling vector: 34/672 blocks have no sensor data (filled with 0.0)
2026-10-06 06:15:02,130 [WARNING] solar_forecast.sensors.forecast_fetcher: Rolling vector: 34/672 blocks have no sensor data (filled with 0.0)
2026-10-06 06:15:02,211 [INFO] solar_forecast.processing.vector_builder: Stored east vector: 672 blocks, 68.48 kWh, UTC=2026-10-06T06:15:02.020227+00:00
2026-10-06 06:15:02,234 [INFO] solar_forecast.processing.vector_builder: Stored west vector: 672 blocks, 11.51 kWh, UTC=2026-10-06T06:15:02.020227+00:00
2026-10-06 06:15:02,235 [INFO] solar_forecast.main: Forecast vectors stored with UTC timestamp
2026-10-06 06:15:02,235 [INFO] solar_forecast.main: Step 2/2: Updating accuracy model...
2026-10-06 06:15:03,260 [INFO] solar_forecast.main: Accuracy model updated: 12 cells
2026-10-06 06:15:03,260 [INFO] solar_forecast.main: Pipeline completed at 2026-10-06T06:15:02.020227+00:00
2026-10-06 06:30:01,529 [INFO] solar_forecast.main: Starting pipeline at 2026-10-06T06:30:01.529707+00:00 UTC
2026-10-06 06:30:01,530 [INFO] solar_forecast.main: Step 1/2: Building forecast vectors...
2026-10-06 06:30:01,606 [WARNING] solar_forecast.sensors.forecast_fetcher: Rolling vector: 35/672 blocks have no sensor data (filled with 0.0)
2026-10-06 06:30:01,636 [WARNING] solar_forecast.sensors.forecast_fetcher: Rolling vector: 35/672 blocks have no sensor data (filled with 0.0)
2026-10-06 06:30:01,689 [INFO] solar_forecast.processing.vector_builder: Stored east vector: 672 blocks, 68.47 kWh, UTC=2026-10-06T06:30:01.529707+00:00
2026-10-06 06:30:01,702 [INFO] solar_forecast.processing.vector_builder: Stored west vector: 672 blocks, 11.50 kWh, UTC=2026-10-06T06:30:01.529707+00:00
2026-10-06 06:30:01,703 [INFO] solar_forecast.main: Forecast vectors stored with UTC timestamp
2026-10-06 06:30:01,703 [INFO] solar_forecast.main: Step 2/2: Updating accuracy model...
2026-10-06 06:30:02,753 [INFO] solar_forecast.main: Accuracy model updated: 12 cells
2026-10-06 06:30:02,753 [INFO] solar_forecast.main: Pipeline completed at 2026-10-06T06:30:01.529707+00:00
2026-10-06 06:45:02,050 [INFO] solar_forecast.main: Starting pipeline at 2026-10-06T06:45:02.050472+00:00 UTC
2026-10-06 06:45:02,050 [INFO] solar_forecast.main: Step 1/2: Building forecast vectors...
2026-10-06 06:45:02,125 [WARNING] solar_forecast.sensors.forecast_fetcher: Rolling vector: 36/672 blocks have no sensor data (filled with 0.0)
2026-10-06 06:45:02,156 [WARNING] solar_forecast.sensors.forecast_fetcher: Rolling vector: 36/672 blocks have no sensor data (filled with 0.0)
2026-10-06 06:45:02,210 [INFO] solar_forecast.processing.vector_builder: Stored east vector: 672 blocks, 68.45 kWh, UTC=2026-10-06T06:45:02.050472+00:00
2026-10-06 06:45:02,222 [INFO] solar_forecast.processing.vector_builder: Stored west vector: 672 blocks, 11.50 kWh, UTC=2026-10-06T06:45:02.050472+00:00
2026-10-06 06:45:02,224 [INFO] solar_forecast.main: Forecast vectors stored with UTC timestamp
2026-10-06 06:45:02,224 [INFO] solar_forecast.main: Step 2/2: Updating accuracy model...
2026-10-06 06:45:03,224 [INFO] solar_forecast.main: Accuracy model updated: 12 cells
2026-10-06 06:45:03,224 [INFO] solar_forecast.main: Pipeline completed at 2026-10-06T06:45:02.050472+00:00
2026-10-06 07:00:01,480 [INFO] solar_forecast.main: Starting pipeline at 2026-10-06T07:00:01.480664+00:00 UTC
2026-10-06 07:00:01,481 [INFO] solar_forecast.main: Step 1/2: Building forecast vectors...
2026-10-06 07:00:01,660 [INFO] solar_forecast.processing.vector_builder: Stored east vector: 672 blocks, 64.19 kWh, UTC=2026-10-06T07:00:01.480664+00:00
2026-10-06 07:00:01,682 [INFO] solar_forecast.processing.vector_builder: Stored west vector: 672 blocks, 11.99 kWh, UTC=2026-10-06T07:00:01.480664+00:00
2026-10-06 07:00:01,683 [INFO] solar_forecast.main: Forecast vectors stored with UTC timestamp
2026-10-06 07:00:01,683 [INFO] solar_forecast.main: Step 2/2: Updating accuracy model...
2026-10-06 07:00:03,012 [INFO] solar_forecast.main: Accuracy model updated: 12 cells
2026-10-06 07:00:03,013 [INFO] solar_forecast.main: Pipeline completed at 2026-10-06T07:00:01.480664+00:00
2026-10-06 07:15:01,260 [INFO] solar_forecast.main: Starting pipeline at 2026-10-06T07:15:01.260078+00:00 UTC
2026-10-06 07:15:01,260 [INFO] solar_forecast.main: Step 1/2: Building forecast vectors...
2026-10-06 07:15:01,470 [INFO] solar_forecast.processing.vector_builder: Stored east vector: 672 blocks, 64.23 kWh, UTC=2026-10-06T07:15:01.260078+00:00
2026-10-06 07:15:01,501 [INFO] solar_forecast.processing.vector_builder: Stored west vector: 672 blocks, 11.99 kWh, UTC=2026-10-06T07:15:01.260078+00:00
2026-10-06 07:15:01,502 [INFO] solar_forecast.main: Forecast vectors stored with UTC timestamp
2026-10-06 07:15:01,502 [INFO] solar_forecast.main: Step 2/2: Updating accuracy model...
2026-10-06 07:15:02,454 [INFO] solar_forecast.main: Accuracy model updated: 12 cells
2026-10-06 07:15:02,454 [INFO] solar_forecast.main: Pipeline completed at 2026-10-06T07:15:01.260078+00:00
2026-10-06 07:30:01,710 [INFO] solar_forecast.main: Starting pipeline at 2026-10-06T07:30:01.709980+00:00 UTC
2026-10-06 07:30:01,710 [INFO] solar_forecast.main: Step 1/2: Building forecast vectors...
2026-10-06 07:30:01,866 [INFO] solar_forecast.processing.vector_builder: Stored east vector: 672 blocks, 64.27 kWh, UTC=2026-10-06T07:30:01.709980+00:00
2026-10-06 07:30:01,878 [INFO] solar_forecast.processing.vector_builder: Stored west vector: 672 blocks, 11.99 kWh, UTC=2026-10-06T07:30:01.709980+00:00
2026-10-06 07:30:01,878 [INFO] solar_forecast.main: Forecast vectors stored with UTC timestamp
2026-10-06 07:30:01,878 [INFO] solar_forecast.main: Step 2/2: Updating accuracy model...
2026-10-06 07:30:02,907 [INFO] solar_forecast.main: Accuracy model updated: 12 cells
2026-10-06 07:30:02,907 [INFO] solar_forecast.main: Pipeline completed at 2026-10-06T07:30:01.709980+00:00
2026-10-06 07:45:02,173 [INFO] solar_forecast.main: Starting pipeline at 2026-10-06T07:45:02.173375+00:00 UTC
2026-10-06 07:45:02,173 [INFO] solar_forecast.main: Step 1/2: Building forecast vectors...
2026-10-06 07:45:02,321 [INFO] solar_forecast.processing.vector_builder: Stored east vector: 672 blocks, 64.31 kWh, UTC=2026-10-06T07:45:02.173375+00:00
2026-10-06 07:45:02,334 [INFO] solar_forecast.processing.vector_builder: Stored west vector: 672 blocks, 11.99 kWh, UTC=2026-10-06T07:45:02.173375+00:00
2026-10-06 07:45:02,334 [INFO] solar_forecast.main: Forecast vectors stored with UTC timestamp
2026-10-06 07:45:02,335 [INFO] solar_forecast.main: Step 2/2: Updating accuracy model...
2026-10-06 07:45:03,290 [INFO] solar_forecast.main: Accuracy model updated: 12 cells
2026-10-06 07:45:03,291 [INFO] solar_forecast.main: Pipeline completed at 2026-10-06T07:45:02.173375+00:00
2026-10-06 08:00:01,574 [INFO] solar_forecast.main: Starting pipeline at 2026-10-06T08:00:01.573899+00:00 UTC
2026-10-06 08:00:01,574 [INFO] solar_forecast.main: Step 1/2: Building forecast vectors...
2026-10-06 08:00:01,739 [INFO] solar_forecast.processing.vector_builder: Stored east vector: 672 blocks, 71.01 kWh, UTC=2026-10-06T08:00:01.573899+00:00
2026-10-06 08:00:01,753 [INFO] solar_forecast.processing.vector_builder: Stored west vector: 672 blocks, 12.73 kWh, UTC=2026-10-06T08:00:01.573899+00:00
2026-10-06 08:00:01,754 [INFO] solar_forecast.main: Forecast vectors stored with UTC timestamp
2026-10-06 08:00:01,754 [INFO] solar_forecast.main: Step 2/2: Updating accuracy model...
2026-10-06 08:00:02,767 [INFO] solar_forecast.main: Accuracy model updated: 12 cells
2026-10-06 08:00:02,768 [INFO] solar_forecast.main: Pipeline completed at 2026-10-06T08:00:01.573899+00:00
2026-10-06 08:15:02,012 [INFO] solar_forecast.main: Starting pipeline at 2026-10-06T08:15:02.012582+00:00 UTC
2026-10-06 08:15:02,013 [INFO] solar_forecast.main: Step 1/2: Building forecast vectors...
2026-10-06 08:15:02,174 [INFO] solar_forecast.processing.vector_builder: Stored east vector: 672 blocks, 71.05 kWh, UTC=2026-10-06T08:15:02.012582+00:00
2026-10-06 08:15:02,188 [INFO] solar_forecast.processing.vector_builder: Stored west vector: 672 blocks, 12.72 kWh, UTC=2026-10-06T08:15:02.012582+00:00
2026-10-06 08:15:02,189 [INFO] solar_forecast.main: Forecast vectors stored with UTC timestamp
2026-10-06 08:15:02,189 [INFO] solar_forecast.main: Step 2/2: Updating accuracy model...
2026-10-06 08:15:03,179 [INFO] solar_forecast.main: Accuracy model updated: 12 cells
2026-10-06 08:15:03,179 [INFO] solar_forecast.main: Pipeline completed at 2026-10-06T08:15:02.012582+00:00
2026-10-06 08:30:01,436 [INFO] solar_forecast.main: Starting pipeline at 2026-10-06T08:30:01.436699+00:00 UTC
2026-10-06 08:30:01,437 [INFO] solar_forecast.main: Step 1/2: Building forecast vectors...
2026-10-06 08:30:01,595 [INFO] solar_forecast.processing.vector_builder: Stored east vector: 672 blocks, 71.08 kWh, UTC=2026-10-06T08:30:01.436699+00:00
2026-10-06 08:30:01,607 [INFO] solar_forecast.processing.vector_builder: Stored west vector: 672 blocks, 12.72 kWh, UTC=2026-10-06T08:30:01.436699+00:00
2026-10-06 08:30:01,608 [INFO] solar_forecast.main: Forecast vectors stored with UTC timestamp
2026-10-06 08:30:01,608 [INFO] solar_forecast.main: Step 2/2: Updating accuracy model...
2026-10-06 08:30:02,651 [INFO] solar_forecast.main: Accuracy model updated: 12 cells
2026-10-06 08:30:02,651 [INFO] solar_forecast.main: Pipeline completed at 2026-10-06T08:30:01.436699+00:00
2026-10-06 08:45:01,913 [INFO] solar_forecast.main: Starting pipeline at 2026-10-06T08:45:01.912871+00:00 UTC
2026-10-06 08:45:01,913 [INFO] solar_forecast.main: Step 1/2: Building forecast vectors...
2026-10-06 08:45:02,077 [INFO] solar_forecast.processing.vector_builder: Stored east vector: 672 blocks, 71.11 kWh, UTC=2026-10-06T08:45:01.912871+00:00
2026-10-06 08:45:02,089 [INFO] solar_forecast.processing.vector_builder: Stored west vector: 672 blocks, 12.72 kWh, UTC=2026-10-06T08:45:01.912871+00:00
2026-10-06 08:45:02,090 [INFO] solar_forecast.main: Forecast vectors stored with UTC timestamp
2026-10-06 08:45:02,090 [INFO] solar_forecast.main: Step 2/2: Updating accuracy model...
2026-10-06 08:45:03,097 [INFO] solar_forecast.main: Accuracy model updated: 12 cells
2026-10-06 08:45:03,097 [INFO] solar_forecast.main: Pipeline completed at 2026-10-06T08:45:01.912871+00:00
2026-10-06 09:00:01,336 [INFO] solar_forecast.main: Starting pipeline at 2026-10-06T09:00:01.336684+00:00 UTC
2026-10-06 09:00:01,337 [INFO] solar_forecast.main: Step 1/2: Building forecast vectors...
2026-10-06 09:00:01,498 [INFO] solar_forecast.processing.vector_builder: Stored east vector: 672 blocks, 67.70 kWh, UTC=2026-10-06T09:00:01.336684+00:00
2026-10-06 09:00:01,510 [INFO] solar_forecast.processing.vector_builder: Stored west vector: 672 blocks, 12.57 kWh, UTC=2026-10-06T09:00:01.336684+00:00
2026-10-06 09:00:01,510 [INFO] solar_forecast.main: Forecast vectors stored with UTC timestamp
2026-10-06 09:00:01,511 [INFO] solar_forecast.main: Step 2/2: Updating accuracy model...
2026-10-06 09:00:02,524 [INFO] solar_forecast.main: Accuracy model updated: 12 cells
2026-10-06 09:00:02,525 [INFO] solar_forecast.main: Pipeline completed at 2026-10-06T09:00:01.336684+00:00
2026-10-06 09:15:01,800 [INFO] solar_forecast.main: Starting pipeline at 2026-10-06T09:15:01.800746+00:00 UTC
2026-10-06 09:15:01,801 [INFO] solar_forecast.main: Step 1/2: Building forecast vectors...
2026-10-06 09:15:01,958 [INFO] solar_forecast.processing.vector_builder: Stored east vector: 672 blocks, 67.68 kWh, UTC=2026-10-06T09:15:01.800746+00:00
2026-10-06 09:15:01,978 [INFO] solar_forecast.processing.vector_builder: Stored west vector: 672 blocks, 12.56 kWh, UTC=2026-10-06T09:15:01.800746+00:00
2026-10-06 09:15:01,979 [INFO] solar_forecast.main: Forecast vectors stored with UTC timestamp
2026-10-06 09:15:01,979 [INFO] solar_forecast.main: Step 2/2: Updating accuracy model...
2026-10-06 09:15:02,944 [INFO] solar_forecast.main: Accuracy model updated: 12 cells
2026-10-06 09:15:02,944 [INFO] solar_forecast.main: Pipeline completed at 2026-10-06T09:15:01.800746+00:00
2026-10-06 09:30:02,204 [INFO] solar_forecast.main: Starting pipeline at 2026-10-06T09:30:02.204680+00:00 UTC
2026-10-06 09:30:02,205 [INFO] solar_forecast.main: Step 1/2: Building forecast vectors...
2026-10-06 09:30:02,367 [INFO] solar_forecast.processing.vector_builder: Stored east vector: 672 blocks, 67.65 kWh, UTC=2026-10-06T09:30:02.204680+00:00
2026-10-06 09:30:02,379 [INFO] solar_forecast.processing.vector_builder: Stored west vector: 672 blocks, 12.54 kWh, UTC=2026-10-06T09:30:02.204680+00:00
2026-10-06 09:30:02,379 [INFO] solar_forecast.main: Forecast vectors stored with UTC timestamp
2026-10-06 09:30:02,380 [INFO] solar_forecast.main: Step 2/2: Updating accuracy model...
2026-10-06 09:30:03,407 [INFO] solar_forecast.main: Accuracy model updated: 12 cells
2026-10-06 09:30:03,407 [INFO] solar_forecast.main: Pipeline completed at 2026-10-06T09:30:02.204680+00:00
2026-10-06 09:45:01,710 [INFO] solar_forecast.main: Starting pipeline at 2026-10-06T09:45:01.710075+00:00 UTC
2026-10-06 09:45:01,710 [INFO] solar_forecast.main: Step 1/2: Building forecast vectors...
2026-10-06 09:45:01,878 [INFO] solar_forecast.processing.vector_builder: Stored east vector: 672 blocks, 67.62 kWh, UTC=2026-10-06T09:45:01.710075+00:00
2026-10-06 09:45:01,902 [INFO] solar_forecast.processing.vector_builder: Stored west vector: 672 blocks, 12.53 kWh, UTC=2026-10-06T09:45:01.710075+00:00
2026-10-06 09:45:01,903 [INFO] solar_forecast.main: Forecast vectors stored with UTC timestamp
2026-10-06 09:45:01,903 [INFO] solar_forecast.main: Step 2/2: Updating accuracy model...
2026-10-06 09:45:02,871 [INFO] solar_forecast.main: Accuracy model updated: 12 cells
2026-10-06 09:45:02,871 [INFO] solar_forecast.main: Pipeline completed at 2026-10-06T09:45:01.710075+00:00
2026-10-06 10:00:02,139 [INFO] solar_forecast.main: Starting pipeline at 2026-10-06T10:00:02.139708+00:00 UTC
2026-10-06 10:00:02,140 [INFO] solar_forecast.main: Step 1/2: Building forecast vectors...
2026-10-06 10:00:02,307 [INFO] solar_forecast.processing.vector_builder: Stored east vector: 672 blocks, 66.91 kWh, UTC=2026-10-06T10:00:02.139708+00:00
2026-10-06 10:00:02,322 [INFO] solar_forecast.processing.vector_builder: Stored west vector: 672 blocks, 11.91 kWh, UTC=2026-10-06T10:00:02.139708+00:00
2026-10-06 10:00:02,322 [INFO] solar_forecast.main: Forecast vectors stored with UTC timestamp
2026-10-06 10:00:02,323 [INFO] solar_forecast.main: Step 2/2: Updating accuracy model...
2026-10-06 10:00:03,368 [INFO] solar_forecast.main: Accuracy model updated: 12 cells
2026-10-06 10:00:03,368 [INFO] solar_forecast.main: Pipeline completed at 2026-10-06T10:00:02.139708+00:00
2026-10-06 10:15:01,636 [INFO] solar_forecast.main: Starting pipeline at 2026-10-06T10:15:01.636364+00:00 UTC
2026-10-06 10:15:01,636 [INFO] solar_forecast.main: Step 1/2: Building forecast vectors...
2026-10-06 10:15:01,787 [INFO] solar_forecast.processing.vector_builder: Stored east vector: 672 blocks, 66.77 kWh, UTC=2026-10-06T10:15:01.636364+00:00
2026-10-06 10:15:01,799 [INFO] solar_forecast.processing.vector_builder: Stored west vector: 672 blocks, 11.89 kWh, UTC=2026-10-06T10:15:01.636364+00:00
2026-10-06 10:15:01,803 [INFO] solar_forecast.main: Forecast vectors stored with UTC timestamp
2026-10-06 10:15:01,803 [INFO] solar_forecast.main: Step 2/2: Updating accuracy model...
2026-10-06 10:15:02,801 [INFO] solar_forecast.main: Accuracy model updated: 12 cells
2026-10-06 10:15:02,801 [INFO] solar_forecast.main: Pipeline completed at 2026-10-06T10:15:01.636364+00:00
2026-10-06 10:30:02,070 [INFO] solar_forecast.main: Starting pipeline at 2026-10-06T10:30:02.070264+00:00 UTC
2026-10-06 10:30:02,070 [INFO] solar_forecast.main: Step 1/2: Building forecast vectors...
2026-10-06 10:30:02,239 [INFO] solar_forecast.processing.vector_builder: Stored east vector: 672 blocks, 66.63 kWh, UTC=2026-10-06T10:30:02.070264+00:00
2026-10-06 10:30:02,252 [INFO] solar_forecast.processing.vector_builder: Stored west vector: 672 blocks, 11.86 kWh, UTC=2026-10-06T10:30:02.070264+00:00
2026-10-06 10:30:02,253 [INFO] solar_forecast.main: Forecast vectors stored with UTC timestamp
2026-10-06 10:30:02,253 [INFO] solar_forecast.main: Step 2/2: Updating accuracy model...
2026-10-06 10:30:03,276 [INFO] solar_forecast.main: Accuracy model updated: 12 cells
2026-10-06 10:30:03,277 [INFO] solar_forecast.main: Pipeline completed at 2026-10-06T10:30:02.070264+00:00
2026-10-06 10:45:01,549 [INFO] solar_forecast.main: Starting pipeline at 2026-10-06T10:45:01.548948+00:00 UTC
2026-10-06 10:45:01,549 [INFO] solar_forecast.main: Step 1/2: Building forecast vectors...
2026-10-06 10:45:01,717 [INFO] solar_forecast.processing.vector_builder: Stored east vector: 672 blocks, 66.50 kWh, UTC=2026-10-06T10:45:01.548948+00:00
2026-10-06 10:45:01,729 [INFO] solar_forecast.processing.vector_builder: Stored west vector: 672 blocks, 11.84 kWh, UTC=2026-10-06T10:45:01.548948+00:00
2026-10-06 10:45:01,730 [INFO] solar_forecast.main: Forecast vectors stored with UTC timestamp
2026-10-06 10:45:01,730 [INFO] solar_forecast.main: Step 2/2: Updating accuracy model...
2026-10-06 10:45:02,699 [INFO] solar_forecast.main: Accuracy model updated: 12 cells
2026-10-06 10:45:02,699 [INFO] solar_forecast.main: Pipeline completed at 2026-10-06T10:45:01.548948+00:00
2026-10-06 11:00:01,957 [INFO] solar_forecast.main: Starting pipeline at 2026-10-06T11:00:01.957151+00:00 UTC
2026-10-06 11:00:01,957 [INFO] solar_forecast.main: Step 1/2: Building forecast vectors...
2026-10-06 11:00:02,139 [INFO] solar_forecast.processing.vector_builder: Stored east vector: 672 blocks, 66.88 kWh, UTC=2026-10-06T11:00:01.957151+00:00
2026-10-06 11:00:02,152 [INFO] solar_forecast.processing.vector_builder: Stored west vector: 672 blocks, 12.29 kWh, UTC=2026-10-06T11:00:01.957151+00:00
2026-10-06 11:00:02,155 [INFO] solar_forecast.main: Forecast vectors stored with UTC timestamp
2026-10-06 11:00:02,155 [INFO] solar_forecast.main: Step 2/2: Updating accuracy model...
2026-10-06 11:00:03,207 [INFO] solar_forecast.main: Accuracy model updated: 12 cells
2026-10-06 11:00:03,207 [INFO] solar_forecast.main: Pipeline completed at 2026-10-06T11:00:01.957151+00:00
2026-10-06 11:15:01,451 [INFO] solar_forecast.main: Starting pipeline at 2026-10-06T11:15:01.451538+00:00 UTC
2026-10-06 11:15:01,451 [INFO] solar_forecast.main: Step 1/2: Building forecast vectors...
2026-10-06 11:15:01,618 [INFO] solar_forecast.processing.vector_builder: Stored east vector: 672 blocks, 66.65 kWh, UTC=2026-10-06T11:15:01.451538+00:00
2026-10-06 11:15:01,632 [INFO] solar_forecast.processing.vector_builder: Stored west vector: 672 blocks, 12.27 kWh, UTC=2026-10-06T11:15:01.451538+00:00
2026-10-06 11:15:01,632 [INFO] solar_forecast.main: Forecast vectors stored with UTC timestamp
2026-10-06 11:15:01,633 [INFO] solar_forecast.main: Step 2/2: Updating accuracy model...
2026-10-06 11:15:02,628 [INFO] solar_forecast.main: Accuracy model updated: 12 cells
2026-10-06 11:15:02,628 [INFO] solar_forecast.main: Pipeline completed at 2026-10-06T11:15:01.451538+00:00
2026-10-06 11:30:01,875 [INFO] solar_forecast.main: Starting pipeline at 2026-10-06T11:30:01.875732+00:00 UTC
2026-10-06 11:30:01,876 [INFO] solar_forecast.main: Step 1/2: Building forecast vectors...
2026-10-06 11:30:02,066 [INFO] solar_forecast.processing.vector_builder: Stored east vector: 672 blocks, 66.42 kWh, UTC=2026-10-06T11:30:01.875732+00:00
2026-10-06 11:30:02,147 [INFO] solar_forecast.processing.vector_builder: Stored west vector: 672 blocks, 12.24 kWh, UTC=2026-10-06T11:30:01.875732+00:00
2026-10-06 11:30:02,148 [INFO] solar_forecast.main: Forecast vectors stored with UTC timestamp
2026-10-06 11:30:02,148 [INFO] solar_forecast.main: Step 2/2: Updating accuracy model...
2026-10-06 11:30:03,698 [INFO] solar_forecast.main: Accuracy model updated: 12 cells
2026-10-06 11:30:03,698 [INFO] solar_forecast.main: Pipeline completed at 2026-10-06T11:30:01.875732+00:00
2026-10-06 11:45:01,968 [INFO] solar_forecast.main: Starting pipeline at 2026-10-06T11:45:01.968541+00:00 UTC
2026-10-06 11:45:01,968 [INFO] solar_forecast.main: Step 1/2: Building forecast vectors...
2026-10-06 11:45:02,135 [INFO] solar_forecast.processing.vector_builder: Stored east vector: 672 blocks, 66.19 kWh, UTC=2026-10-06T11:45:01.968541+00:00
2026-10-06 11:45:02,147 [INFO] solar_forecast.processing.vector_builder: Stored west vector: 672 blocks, 12.22 kWh, UTC=2026-10-06T11:45:01.968541+00:00
2026-10-06 11:45:02,148 [INFO] solar_forecast.main: Forecast vectors stored with UTC timestamp
2026-10-06 11:45:02,148 [INFO] solar_forecast.main: Step 2/2: Updating accuracy model...
2026-10-06 11:45:03,147 [INFO] solar_forecast.main: Accuracy model updated: 12 cells
2026-10-06 11:45:03,147 [INFO] solar_forecast.main: Pipeline completed at 2026-10-06T11:45:01.968541+00:00
2026-10-06 12:00:01,390 [INFO] solar_forecast.main: Starting pipeline at 2026-10-06T12:00:01.390219+00:00 UTC
2026-10-06 12:00:01,390 [INFO] solar_forecast.main: Step 1/2: Building forecast vectors...
2026-10-06 12:00:01,555 [INFO] solar_forecast.processing.vector_builder: Stored east vector: 672 blocks, 69.33 kWh, UTC=2026-10-06T12:00:01.390219+00:00
2026-10-06 12:00:01,567 [INFO] solar_forecast.processing.vector_builder: Stored west vector: 672 blocks, 11.98 kWh, UTC=2026-10-06T12:00:01.390219+00:00
2026-10-06 12:00:01,568 [INFO] solar_forecast.main: Forecast vectors stored with UTC timestamp
2026-10-06 12:00:01,568 [INFO] solar_forecast.main: Step 2/2: Updating accuracy model...
2026-10-06 12:00:02,735 [INFO] solar_forecast.main: Accuracy model updated: 12 cells
2026-10-06 12:00:02,736 [INFO] solar_forecast.main: Pipeline completed at 2026-10-06T12:00:01.390219+00:00
2026-10-06 12:15:02,021 [INFO] solar_forecast.main: Starting pipeline at 2026-10-06T12:15:02.021020+00:00 UTC
2026-10-06 12:15:02,021 [INFO] solar_forecast.main: Step 1/2: Building forecast vectors...
2026-10-06 12:15:02,281 [INFO] solar_forecast.processing.vector_builder: Stored east vector: 672 blocks, 69.21 kWh, UTC=2026-10-06T12:15:02.021020+00:00
2026-10-06 12:15:02,313 [INFO] solar_forecast.processing.vector_builder: Stored west vector: 672 blocks, 11.96 kWh, UTC=2026-10-06T12:15:02.021020+00:00
2026-10-06 12:15:02,313 [INFO] solar_forecast.main: Forecast vectors stored with UTC timestamp
2026-10-06 12:15:02,313 [INFO] solar_forecast.main: Step 2/2: Updating accuracy model...
2026-10-06 12:15:03,427 [INFO] solar_forecast.main: Accuracy model updated: 12 cells
2026-10-06 12:15:03,427 [INFO] solar_forecast.main: Pipeline completed at 2026-10-06T12:15:02.021020+00:00
2026-10-06 12:30:01,773 [INFO] solar_forecast.main: Starting pipeline at 2026-10-06T12:30:01.773125+00:00 UTC
2026-10-06 12:30:01,773 [INFO] solar_forecast.main: Step 1/2: Building forecast vectors...
2026-10-06 12:30:01,939 [INFO] solar_forecast.processing.vector_builder: Stored east vector: 672 blocks, 64.89 kWh, UTC=2026-10-06T12:30:01.773125+00:00
2026-10-06 12:30:01,953 [INFO] solar_forecast.processing.vector_builder: Stored west vector: 672 blocks, 11.85 kWh, UTC=2026-10-06T12:30:01.773125+00:00
2026-10-06 12:30:01,954 [INFO] solar_forecast.main: Forecast vectors stored with UTC timestamp
2026-10-06 12:30:01,954 [INFO] solar_forecast.main: Step 2/2: Updating accuracy model...
2026-10-06 12:30:03,048 [INFO] solar_forecast.main: Accuracy model updated: 12 cells
2026-10-06 12:30:03,048 [INFO] solar_forecast.main: Pipeline completed at 2026-10-06T12:30:01.773125+00:00
2026-10-06 12:45:01,330 [INFO] solar_forecast.main: Starting pipeline at 2026-10-06T12:45:01.330623+00:00 UTC
2026-10-06 12:45:01,331 [INFO] solar_forecast.main: Step 1/2: Building forecast vectors...
2026-10-06 12:45:01,496 [INFO] solar_forecast.processing.vector_builder: Stored east vector: 672 blocks, 64.77 kWh, UTC=2026-10-06T12:45:01.330623+00:00
2026-10-06 12:45:01,508 [INFO] solar_forecast.processing.vector_builder: Stored west vector: 672 blocks, 11.84 kWh, UTC=2026-10-06T12:45:01.330623+00:00
2026-10-06 12:45:01,509 [INFO] solar_forecast.main: Forecast vectors stored with UTC timestamp
2026-10-06 12:45:01,509 [INFO] solar_forecast.main: Step 2/2: Updating accuracy model...
2026-10-06 12:45:02,691 [INFO] solar_forecast.main: Accuracy model updated: 12 cells
2026-10-06 12:45:02,692 [INFO] solar_forecast.main: Pipeline completed at 2026-10-06T12:45:01.330623+00:00
2026-10-06 13:00:01,967 [INFO] solar_forecast.main: Starting pipeline at 2026-10-06T13:00:01.967699+00:00 UTC
2026-10-06 13:00:01,968 [INFO] solar_forecast.main: Step 1/2: Building forecast vectors...
2026-10-06 13:00:02,173 [INFO] solar_forecast.processing.vector_builder: Stored east vector: 672 blocks, 69.26 kWh, UTC=2026-10-06T13:00:01.967699+00:00
2026-10-06 13:00:02,187 [INFO] solar_forecast.processing.vector_builder: Stored west vector: 672 blocks, 12.68 kWh, UTC=2026-10-06T13:00:01.967699+00:00
2026-10-06 13:00:02,188 [INFO] solar_forecast.main: Forecast vectors stored with UTC timestamp
2026-10-06 13:00:02,188 [INFO] solar_forecast.main: Step 2/2: Updating accuracy model...
2026-10-06 13:00:03,269 [INFO] solar_forecast.main: Accuracy model updated: 12 cells
2026-10-06 13:00:03,270 [INFO] solar_forecast.main: Pipeline completed at 2026-10-06T13:00:01.967699+00:00
2026-10-06 13:15:01,512 [INFO] solar_forecast.main: Starting pipeline at 2026-10-06T13:15:01.511970+00:00 UTC
2026-10-06 13:15:01,512 [INFO] solar_forecast.main: Step 1/2: Building forecast vectors...
2026-10-06 13:15:01,693 [INFO] solar_forecast.processing.vector_builder: Stored east vector: 672 blocks, 69.15 kWh, UTC=2026-10-06T13:15:01.511970+00:00
2026-10-06 13:15:01,721 [INFO] solar_forecast.processing.vector_builder: Stored west vector: 672 blocks, 12.66 kWh, UTC=2026-10-06T13:15:01.511970+00:00
2026-10-06 13:15:01,723 [INFO] solar_forecast.main: Forecast vectors stored with UTC timestamp
2026-10-06 13:15:01,723 [INFO] solar_forecast.main: Step 2/2: Updating accuracy model...
2026-10-06 13:15:02,826 [INFO] solar_forecast.main: Accuracy model updated: 12 cells
2026-10-06 13:15:02,826 [INFO] solar_forecast.main: Pipeline completed at 2026-10-06T13:15:01.511970+00:00
2026-10-06 13:30:02,102 [INFO] solar_forecast.main: Starting pipeline at 2026-10-06T13:30:02.102400+00:00 UTC
2026-10-06 13:30:02,103 [INFO] solar_forecast.main: Step 1/2: Building forecast vectors...
2026-10-06 13:30:02,275 [INFO] solar_forecast.processing.vector_builder: Stored east vector: 672 blocks, 69.05 kWh, UTC=2026-10-06T13:30:02.102400+00:00
2026-10-06 13:30:02,288 [INFO] solar_forecast.processing.vector_builder: Stored west vector: 672 blocks, 12.64 kWh, UTC=2026-10-06T13:30:02.102400+00:00
2026-10-06 13:30:02,289 [INFO] solar_forecast.main: Forecast vectors stored with UTC timestamp
2026-10-06 13:30:02,289 [INFO] solar_forecast.main: Step 2/2: Updating accuracy model...
2026-10-06 13:30:03,491 [INFO] solar_forecast.main: Accuracy model updated: 12 cells
2026-10-06 13:30:03,491 [INFO] solar_forecast.main: Pipeline completed at 2026-10-06T13:30:02.102400+00:00
2026-10-06 13:45:01,766 [INFO] solar_forecast.main: Starting pipeline at 2026-10-06T13:45:01.766174+00:00 UTC
2026-10-06 13:45:01,766 [INFO] solar_forecast.main: Step 1/2: Building forecast vectors...
2026-10-06 13:45:01,935 [INFO] solar_forecast.processing.vector_builder: Stored east vector: 672 blocks, 68.95 kWh, UTC=2026-10-06T13:45:01.766174+00:00
2026-10-06 13:45:01,948 [INFO] solar_forecast.processing.vector_builder: Stored west vector: 672 blocks, 12.62 kWh, UTC=2026-10-06T13:45:01.766174+00:00
2026-10-06 13:45:01,951 [INFO] solar_forecast.main: Forecast vectors stored with UTC timestamp
2026-10-06 13:45:01,951 [INFO] solar_forecast.main: Step 2/2: Updating accuracy model...
2026-10-06 13:45:03,084 [INFO] solar_forecast.main: Accuracy model updated: 12 cells
2026-10-06 13:45:03,084 [INFO] solar_forecast.main: Pipeline completed at 2026-10-06T13:45:01.766174+00:00
2026-10-06 14:00:01,417 [INFO] solar_forecast.main: Starting pipeline at 2026-10-06T14:00:01.417466+00:00 UTC
2026-10-06 14:00:01,417 [INFO] solar_forecast.main: Step 1/2: Building forecast vectors...
2026-10-06 14:00:01,604 [INFO] solar_forecast.processing.vector_builder: Stored east vector: 672 blocks, 68.84 kWh, UTC=2026-10-06T14:00:01.417466+00:00
2026-10-06 14:00:01,622 [INFO] solar_forecast.processing.vector_builder: Stored west vector: 672 blocks, 12.88 kWh, UTC=2026-10-06T14:00:01.417466+00:00
2026-10-06 14:00:01,626 [INFO] solar_forecast.main: Forecast vectors stored with UTC timestamp
2026-10-06 14:00:01,626 [INFO] solar_forecast.main: Step 2/2: Updating accuracy model...
2026-10-06 14:00:02,783 [INFO] solar_forecast.main: Accuracy model updated: 12 cells
2026-10-06 14:00:02,783 [INFO] solar_forecast.main: Pipeline completed at 2026-10-06T14:00:01.417466+00:00
2026-10-06 14:15:02,086 [INFO] solar_forecast.main: Starting pipeline at 2026-10-06T14:15:02.086413+00:00 UTC
2026-10-06 14:15:02,086 [INFO] solar_forecast.main: Step 1/2: Building forecast vectors...
2026-10-06 14:15:02,287 [INFO] solar_forecast.processing.vector_builder: Stored east vector: 672 blocks, 68.75 kWh, UTC=2026-10-06T14:15:02.086413+00:00
2026-10-06 14:15:02,303 [INFO] solar_forecast.processing.vector_builder: Stored west vector: 672 blocks, 12.83 kWh, UTC=2026-10-06T14:15:02.086413+00:00
2026-10-06 14:15:02,303 [INFO] solar_forecast.main: Forecast vectors stored with UTC timestamp
2026-10-06 14:15:02,304 [INFO] solar_forecast.main: Step 2/2: Updating accuracy model...
2026-10-06 14:15:03,448 [INFO] solar_forecast.main: Accuracy model updated: 12 cells
2026-10-06 14:15:03,449 [INFO] solar_forecast.main: Pipeline completed at 2026-10-06T14:15:02.086413+00:00
2026-10-06 14:30:01,725 [INFO] solar_forecast.main: Starting pipeline at 2026-10-06T14:30:01.724965+00:00 UTC
2026-10-06 14:30:01,725 [INFO] solar_forecast.main: Step 1/2: Building forecast vectors...
2026-10-06 14:30:01,896 [INFO] solar_forecast.processing.vector_builder: Stored east vector: 672 blocks, 68.67 kWh, UTC=2026-10-06T14:30:01.724965+00:00
2026-10-06 14:30:01,908 [INFO] solar_forecast.processing.vector_builder: Stored west vector: 672 blocks, 12.79 kWh, UTC=2026-10-06T14:30:01.724965+00:00
2026-10-06 14:30:01,910 [INFO] solar_forecast.main: Forecast vectors stored with UTC timestamp
2026-10-06 14:30:01,910 [INFO] solar_forecast.main: Step 2/2: Updating accuracy model...
2026-10-06 14:30:03,051 [INFO] solar_forecast.main: Accuracy model updated: 12 cells
2026-10-06 14:30:03,051 [INFO] solar_forecast.main: Pipeline completed at 2026-10-06T14:30:01.724965+00:00
2026-10-06 14:45:01,331 [INFO] solar_forecast.main: Starting pipeline at 2026-10-06T14:45:01.330873+00:00 UTC
2026-10-06 14:45:01,331 [INFO] solar_forecast.main: Step 1/2: Building forecast vectors...
2026-10-06 14:45:01,509 [INFO] solar_forecast.processing.vector_builder: Stored east vector: 672 blocks, 68.58 kWh, UTC=2026-10-06T14:45:01.330873+00:00
2026-10-06 14:45:01,534 [INFO] solar_forecast.processing.vector_builder: Stored west vector: 672 blocks, 12.74 kWh, UTC=2026-10-06T14:45:01.330873+00:00
2026-10-06 14:45:01,535 [INFO] solar_forecast.main: Forecast vectors stored with UTC timestamp
2026-10-06 14:45:01,535 [INFO] solar_forecast.main: Step 2/2: Updating accuracy model...
2026-10-06 14:45:02,727 [INFO] solar_forecast.main: Accuracy model updated: 12 cells
2026-10-06 14:45:02,727 [INFO] solar_forecast.main: Pipeline completed at 2026-10-06T14:45:01.330873+00:00
2026-10-06 15:00:01,989 [INFO] solar_forecast.main: Starting pipeline at 2026-10-06T15:00:01.989183+00:00 UTC
2026-10-06 15:00:01,989 [INFO] solar_forecast.main: Step 1/2: Building forecast vectors...
2026-10-06 15:00:02,204 [INFO] solar_forecast.processing.vector_builder: Stored east vector: 672 blocks, 67.52 kWh, UTC=2026-10-06T15:00:01.989183+00:00
2026-10-06 15:00:02,224 [INFO] solar_forecast.processing.vector_builder: Stored west vector: 672 blocks, 12.19 kWh, UTC=2026-10-06T15:00:01.989183+00:00
2026-10-06 15:00:02,224 [INFO] solar_forecast.main: Forecast vectors stored with UTC timestamp
2026-10-06 15:00:02,224 [INFO] solar_forecast.main: Step 2/2: Updating accuracy model...
2026-10-06 15:00:03,406 [INFO] solar_forecast.main: Accuracy model updated: 12 cells
2026-10-06 15:00:03,406 [INFO] solar_forecast.main: Pipeline completed at 2026-10-06T15:00:01.989183+00:00
2026-10-06 15:15:01,674 [INFO] solar_forecast.main: Starting pipeline at 2026-10-06T15:15:01.674475+00:00 UTC
2026-10-06 15:15:01,674 [INFO] solar_forecast.main: Step 1/2: Building forecast vectors...
2026-10-06 15:15:01,863 [INFO] solar_forecast.processing.vector_builder: Stored east vector: 672 blocks, 67.51 kWh, UTC=2026-10-06T15:15:01.674475+00:00
2026-10-06 15:15:01,880 [INFO] solar_forecast.processing.vector_builder: Stored west vector: 672 blocks, 12.20 kWh, UTC=2026-10-06T15:15:01.674475+00:00
2026-10-06 15:15:01,883 [INFO] solar_forecast.main: Forecast vectors stored with UTC timestamp
2026-10-06 15:15:01,883 [INFO] solar_forecast.main: Step 2/2: Updating accuracy model...
2026-10-06 15:15:03,043 [INFO] solar_forecast.main: Accuracy model updated: 12 cells
2026-10-06 15:15:03,043 [INFO] solar_forecast.main: Pipeline completed at 2026-10-06T15:15:01.674475+00:00
2026-10-06 15:30:01,279 [INFO] solar_forecast.main: Starting pipeline at 2026-10-06T15:30:01.279321+00:00 UTC
2026-10-06 15:30:01,279 [INFO] solar_forecast.main: Step 1/2: Building forecast vectors...
2026-10-06 15:30:01,452 [INFO] solar_forecast.processing.vector_builder: Stored east vector: 672 blocks, 67.51 kWh, UTC=2026-10-06T15:30:01.279321+00:00
2026-10-06 15:30:01,466 [INFO] solar_forecast.processing.vector_builder: Stored west vector: 672 blocks, 12.20 kWh, UTC=2026-10-06T15:30:01.279321+00:00
2026-10-06 15:30:01,467 [INFO] solar_forecast.main: Forecast vectors stored with UTC timestamp
2026-10-06 15:30:01,467 [INFO] solar_forecast.main: Step 2/2: Updating accuracy model...
2026-10-06 15:30:02,753 [INFO] solar_forecast.main: Accuracy model updated: 12 cells
2026-10-06 15:30:02,753 [INFO] solar_forecast.main: Pipeline completed at 2026-10-06T15:30:01.279321+00:00
2026-10-06 15:45:02,033 [INFO] solar_forecast.main: Starting pipeline at 2026-10-06T15:45:02.033725+00:00 UTC
2026-10-06 15:45:02,034 [INFO] solar_forecast.main: Step 1/2: Building forecast vectors...
2026-10-06 15:45:02,200 [INFO] solar_forecast.processing.vector_builder: Stored east vector: 672 blocks, 67.50 kWh, UTC=2026-10-06T15:45:02.033725+00:00
2026-10-06 15:45:02,214 [INFO] solar_forecast.processing.vector_builder: Stored west vector: 672 blocks, 12.21 kWh, UTC=2026-10-06T15:45:02.033725+00:00
2026-10-06 15:45:02,215 [INFO] solar_forecast.main: Forecast vectors stored with UTC timestamp
2026-10-06 15:45:02,215 [INFO] solar_forecast.main: Step 2/2: Updating accuracy model...
2026-10-06 15:45:03,416 [INFO] solar_forecast.main: Accuracy model updated: 12 cells
2026-10-06 15:45:03,419 [INFO] solar_forecast.main: Pipeline completed at 2026-10-06T15:45:02.033725+00:00
2026-10-06 16:00:01,693 [INFO] solar_forecast.main: Starting pipeline at 2026-10-06T16:00:01.693288+00:00 UTC
2026-10-06 16:00:01,693 [INFO] solar_forecast.main: Step 1/2: Building forecast vectors...
2026-10-06 16:00:01,860 [INFO] solar_forecast.processing.vector_builder: Stored east vector: 672 blocks, 70.75 kWh, UTC=2026-10-06T16:00:01.693288+00:00
2026-10-06 16:00:01,871 [INFO] solar_forecast.processing.vector_builder: Stored west vector: 672 blocks, 12.89 kWh, UTC=2026-10-06T16:00:01.693288+00:00
2026-10-06 16:00:01,872 [INFO] solar_forecast.main: Forecast vectors stored with UTC timestamp
2026-10-06 16:00:01,872 [INFO] solar_forecast.main: Step 2/2: Updating accuracy model...
2026-10-06 16:00:03,047 [INFO] solar_forecast.main: Accuracy model updated: 12 cells
2026-10-06 16:00:03,047 [INFO] solar_forecast.main: Pipeline completed at 2026-10-06T16:00:01.693288+00:00
2026-10-06 16:15:01,298 [INFO] solar_forecast.main: Starting pipeline at 2026-10-06T16:15:01.298676+00:00 UTC
2026-10-06 16:15:01,299 [INFO] solar_forecast.main: Step 1/2: Building forecast vectors...
2026-10-06 16:15:01,510 [INFO] solar_forecast.processing.vector_builder: Stored east vector: 672 blocks, 70.76 kWh, UTC=2026-10-06T16:15:01.298676+00:00
2026-10-06 16:15:01,524 [INFO] solar_forecast.processing.vector_builder: Stored west vector: 672 blocks, 12.90 kWh, UTC=2026-10-06T16:15:01.298676+00:00
2026-10-06 16:15:01,527 [INFO] solar_forecast.main: Forecast vectors stored with UTC timestamp
2026-10-06 16:15:01,527 [INFO] solar_forecast.main: Step 2/2: Updating accuracy model...
2026-10-06 16:15:02,750 [INFO] solar_forecast.main: Accuracy model updated: 12 cells
2026-10-06 16:15:02,751 [INFO] solar_forecast.main: Pipeline completed at 2026-10-06T16:15:01.298676+00:00
2026-10-06 16:30:02,005 [INFO] solar_forecast.main: Starting pipeline at 2026-10-06T16:30:02.005658+00:00 UTC
2026-10-06 16:30:02,006 [INFO] solar_forecast.main: Step 1/2: Building forecast vectors...
2026-10-06 16:30:02,185 [INFO] solar_forecast.processing.vector_builder: Stored east vector: 672 blocks, 70.76 kWh, UTC=2026-10-06T16:30:02.005658+00:00
2026-10-06 16:30:02,200 [INFO] solar_forecast.processing.vector_builder: Stored west vector: 672 blocks, 12.90 kWh, UTC=2026-10-06T16:30:02.005658+00:00
2026-10-06 16:30:02,200 [INFO] solar_forecast.main: Forecast vectors stored with UTC timestamp
2026-10-06 16:30:02,201 [INFO] solar_forecast.main: Step 2/2: Updating accuracy model...
2026-10-06 16:30:03,447 [INFO] solar_forecast.main: Accuracy model updated: 12 cells
2026-10-06 16:30:03,447 [INFO] solar_forecast.main: Pipeline completed at 2026-10-06T16:30:02.005658+00:00
2026-10-06 16:45:01,723 [INFO] solar_forecast.main: Starting pipeline at 2026-10-06T16:45:01.723080+00:00 UTC
2026-10-06 16:45:01,723 [INFO] solar_forecast.main: Step 1/2: Building forecast vectors...
2026-10-06 16:45:01,889 [INFO] solar_forecast.processing.vector_builder: Stored east vector: 672 blocks, 70.76 kWh, UTC=2026-10-06T16:45:01.723080+00:00
2026-10-06 16:45:01,900 [INFO] solar_forecast.processing.vector_builder: Stored west vector: 672 blocks, 12.91 kWh, UTC=2026-10-06T16:45:01.723080+00:00
2026-10-06 16:45:01,901 [INFO] solar_forecast.main: Forecast vectors stored with UTC timestamp
2026-10-06 16:45:01,901 [INFO] solar_forecast.main: Step 2/2: Updating accuracy model...
2026-10-06 16:45:03,098 [INFO] solar_forecast.main: Accuracy model updated: 12 cells
2026-10-06 16:45:03,099 [INFO] solar_forecast.main: Pipeline completed at 2026-10-06T16:45:01.723080+00:00
2026-10-06 17:00:01,345 [INFO] solar_forecast.main: Starting pipeline at 2026-10-06T17:00:01.345040+00:00 UTC
2026-10-06 17:00:01,345 [INFO] solar_forecast.main: Step 1/2: Building forecast vectors...
2026-10-06 17:00:01,523 [INFO] solar_forecast.processing.vector_builder: Stored east vector: 672 blocks, 69.44 kWh, UTC=2026-10-06T17:00:01.345040+00:00
2026-10-06 17:00:01,537 [INFO] solar_forecast.processing.vector_builder: Stored west vector: 672 blocks, 12.57 kWh, UTC=2026-10-06T17:00:01.345040+00:00
2026-10-06 17:00:01,537 [INFO] solar_forecast.main: Forecast vectors stored with UTC timestamp
2026-10-06 17:00:01,538 [INFO] solar_forecast.main: Step 2/2: Updating accuracy model...
2026-10-06 17:00:02,819 [INFO] solar_forecast.main: Accuracy model updated: 12 cells
2026-10-06 17:00:02,819 [INFO] solar_forecast.main: Pipeline completed at 2026-10-06T17:00:01.345040+00:00
2026-10-06 17:15:02,081 [INFO] solar_forecast.main: Starting pipeline at 2026-10-06T17:15:02.081127+00:00 UTC
2026-10-06 17:15:02,081 [INFO] solar_forecast.main: Step 1/2: Building forecast vectors...
2026-10-06 17:15:02,244 [INFO] solar_forecast.processing.vector_builder: Stored east vector: 672 blocks, 69.44 kWh, UTC=2026-10-06T17:15:02.081127+00:00
2026-10-06 17:15:02,257 [INFO] solar_forecast.processing.vector_builder: Stored west vector: 672 blocks, 12.57 kWh, UTC=2026-10-06T17:15:02.081127+00:00
2026-10-06 17:15:02,258 [INFO] solar_forecast.main: Forecast vectors stored with UTC timestamp
2026-10-06 17:15:02,258 [INFO] solar_forecast.main: Step 2/2: Updating accuracy model...
2026-10-06 17:15:02,409 [INFO] solar_forecast.main: Accuracy model updated: 0 cells
2026-10-06 17:15:02,409 [INFO] solar_forecast.main: Pipeline completed at 2026-10-06T17:15:02.081127+00:00
2026-10-06 17:30:01,674 [INFO] solar_forecast.main: Starting pipeline at 2026-10-06T17:30:01.674115+00:00 UTC
2026-10-06 17:30:01,674 [INFO] solar_forecast.main: Step 1/2: Building forecast vectors...
2026-10-06 17:30:01,865 [INFO] solar_forecast.processing.vector_builder: Stored east vector: 672 blocks, 69.44 kWh, UTC=2026-10-06T17:30:01.674115+00:00
2026-10-06 17:30:01,878 [INFO] solar_forecast.processing.vector_builder: Stored west vector: 672 blocks, 12.57 kWh, UTC=2026-10-06T17:30:01.674115+00:00
2026-10-06 17:30:01,879 [INFO] solar_forecast.main: Forecast vectors stored with UTC timestamp
2026-10-06 17:30:01,879 [INFO] solar_forecast.main: Step 2/2: Updating accuracy model...
2026-10-06 17:30:02,052 [INFO] solar_forecast.main: Accuracy model updated: 0 cells
2026-10-06 17:30:02,052 [INFO] solar_forecast.main: Pipeline completed at 2026-10-06T17:30:01.674115+00:00
2026-10-06 17:45:01,333 [INFO] solar_forecast.main: Starting pipeline at 2026-10-06T17:45:01.332988+00:00 UTC
2026-10-06 17:45:01,333 [INFO] solar_forecast.main: Step 1/2: Building forecast vectors...
2026-10-06 17:45:01,550 [INFO] solar_forecast.processing.vector_builder: Stored east vector: 672 blocks, 69.44 kWh, UTC=2026-10-06T17:45:01.332988+00:00
2026-10-06 17:45:01,566 [INFO] solar_forecast.processing.vector_builder: Stored west vector: 672 blocks, 12.57 kWh, UTC=2026-10-06T17:45:01.332988+00:00
2026-10-06 17:45:01,567 [INFO] solar_forecast.main: Forecast vectors stored with UTC timestamp
2026-10-06 17:45:01,568 [INFO] solar_forecast.main: Step 2/2: Updating accuracy model...
2026-10-06 17:45:01,733 [INFO] solar_forecast.main: Accuracy model updated: 0 cells
2026-10-06 17:45:01,733 [INFO] solar_forecast.main: Pipeline completed at 2026-10-06T17:45:01.332988+00:00
2026-10-06 18:00:02,008 [INFO] solar_forecast.main: Starting pipeline at 2026-10-06T18:00:02.008241+00:00 UTC
2026-10-06 18:00:02,008 [INFO] solar_forecast.main: Step 1/2: Building forecast vectors...
2026-10-06 18:00:02,192 [INFO] solar_forecast.processing.vector_builder: Stored east vector: 672 blocks, 71.54 kWh, UTC=2026-10-06T18:00:02.008241+00:00
2026-10-06 18:00:02,204 [INFO] solar_forecast.processing.vector_builder: Stored west vector: 672 blocks, 12.60 kWh, UTC=2026-10-06T18:00:02.008241+00:00
2026-10-06 18:00:02,204 [INFO] solar_forecast.main: Forecast vectors stored with UTC timestamp
2026-10-06 18:00:02,205 [INFO] solar_forecast.main: Step 2/2: Updating accuracy model...
2026-10-06 18:00:02,343 [INFO] solar_forecast.main: Accuracy model updated: 0 cells
2026-10-06 18:00:02,343 [INFO] solar_forecast.main: Pipeline completed at 2026-10-06T18:00:02.008241+00:00
2026-10-06 18:15:01,615 [INFO] solar_forecast.main: Starting pipeline at 2026-10-06T18:15:01.614886+00:00 UTC
2026-10-06 18:15:01,615 [INFO] solar_forecast.main: Step 1/2: Building forecast vectors...
2026-10-06 18:15:01,783 [INFO] solar_forecast.processing.vector_builder: Stored east vector: 672 blocks, 71.54 kWh, UTC=2026-10-06T18:15:01.614886+00:00
2026-10-06 18:15:01,795 [INFO] solar_forecast.processing.vector_builder: Stored west vector: 672 blocks, 12.60 kWh, UTC=2026-10-06T18:15:01.614886+00:00
2026-10-06 18:15:01,796 [INFO] solar_forecast.main: Forecast vectors stored with UTC timestamp
2026-10-06 18:15:01,796 [INFO] solar_forecast.main: Step 2/2: Updating accuracy model...
2026-10-06 18:15:01,954 [INFO] solar_forecast.main: Accuracy model updated: 0 cells
2026-10-06 18:15:01,954 [INFO] solar_forecast.main: Pipeline completed at 2026-10-06T18:15:01.614886+00:00
2026-10-06 18:30:01,218 [INFO] solar_forecast.main: Starting pipeline at 2026-10-06T18:30:01.217894+00:00 UTC
2026-10-06 18:30:01,218 [INFO] solar_forecast.main: Step 1/2: Building forecast vectors...
2026-10-06 18:30:01,385 [INFO] solar_forecast.processing.vector_builder: Stored east vector: 672 blocks, 71.54 kWh, UTC=2026-10-06T18:30:01.217894+00:00
2026-10-06 18:30:01,399 [INFO] solar_forecast.processing.vector_builder: Stored west vector: 672 blocks, 12.60 kWh, UTC=2026-10-06T18:30:01.217894+00:00
2026-10-06 18:30:01,399 [INFO] solar_forecast.main: Forecast vectors stored with UTC timestamp
2026-10-06 18:30:01,400 [INFO] solar_forecast.main: Step 2/2: Updating accuracy model...
2026-10-06 18:30:01,548 [INFO] solar_forecast.main: Accuracy model updated: 0 cells
2026-10-06 18:30:01,548 [INFO] solar_forecast.main: Pipeline completed at 2026-10-06T18:30:01.217894+00:00
2026-10-06 18:45:01,828 [INFO] solar_forecast.main: Starting pipeline at 2026-10-06T18:45:01.828062+00:00 UTC
2026-10-06 18:45:01,828 [INFO] solar_forecast.main: Step 1/2: Building forecast vectors...
2026-10-06 18:45:02,010 [INFO] solar_forecast.processing.vector_builder: Stored east vector: 672 blocks, 71.54 kWh, UTC=2026-10-06T18:45:01.828062+00:00
2026-10-06 18:45:02,022 [INFO] solar_forecast.processing.vector_builder: Stored west vector: 672 blocks, 12.60 kWh, UTC=2026-10-06T18:45:01.828062+00:00
2026-10-06 18:45:02,023 [INFO] solar_forecast.main: Forecast vectors stored with UTC timestamp
2026-10-06 18:45:02,023 [INFO] solar_forecast.main: Step 2/2: Updating accuracy model...
2026-10-06 18:45:02,170 [INFO] solar_forecast.main: Accuracy model updated: 0 cells
2026-10-06 18:45:02,170 [INFO] solar_forecast.main: Pipeline completed at 2026-10-06T18:45:01.828062+00:00
2026-10-06 19:00:01,433 [INFO] solar_forecast.main: Starting pipeline at 2026-10-06T19:00:01.433326+00:00 UTC
2026-10-06 19:00:01,433 [INFO] solar_forecast.main: Step 1/2: Building forecast vectors...
2026-10-06 19:00:01,637 [INFO] solar_forecast.processing.vector_builder: Stored east vector: 672 blocks, 71.49 kWh, UTC=2026-10-06T19:00:01.433326+00:00
2026-10-06 19:00:01,650 [INFO] solar_forecast.processing.vector_builder: Stored west vector: 672 blocks, 13.09 kWh, UTC=2026-10-06T19:00:01.433326+00:00
2026-10-06 19:00:01,653 [INFO] solar_forecast.main: Forecast vectors stored with UTC timestamp
2026-10-06 19:00:01,653 [INFO] solar_forecast.main: Step 2/2: Updating accuracy model...
2026-10-06 19:00:01,852 [INFO] solar_forecast.main: Accuracy model updated: 0 cells
2026-10-06 19:00:01,852 [INFO] solar_forecast.main: Pipeline completed at 2026-10-06T19:00:01.433326+00:00
2026-10-06 19:15:02,124 [INFO] solar_forecast.main: Starting pipeline at 2026-10-06T19:15:02.124174+00:00 UTC
2026-10-06 19:15:02,124 [INFO] solar_forecast.main: Step 1/2: Building forecast vectors...
2026-10-06 19:15:02,285 [INFO] solar_forecast.processing.vector_builder: Stored east vector: 672 blocks, 71.49 kWh, UTC=2026-10-06T19:15:02.124174+00:00
2026-10-06 19:15:02,303 [INFO] solar_forecast.processing.vector_builder: Stored west vector: 672 blocks, 13.09 kWh, UTC=2026-10-06T19:15:02.124174+00:00
2026-10-06 19:15:02,303 [INFO] solar_forecast.main: Forecast vectors stored with UTC timestamp
2026-10-06 19:15:02,304 [INFO] solar_forecast.main: Step 2/2: Updating accuracy model...
2026-10-06 19:15:02,453 [INFO] solar_forecast.main: Accuracy model updated: 0 cells
2026-10-06 19:15:02,453 [INFO] solar_forecast.main: Pipeline completed at 2026-10-06T19:15:02.124174+00:00
2026-10-06 19:30:01,696 [INFO] solar_forecast.main: Starting pipeline at 2026-10-06T19:30:01.696507+00:00 UTC
2026-10-06 19:30:01,697 [INFO] solar_forecast.main: Step 1/2: Building forecast vectors...
2026-10-06 19:30:01,879 [INFO] solar_forecast.processing.vector_builder: Stored east vector: 672 blocks, 71.49 kWh, UTC=2026-10-06T19:30:01.696507+00:00
2026-10-06 19:30:01,905 [INFO] solar_forecast.processing.vector_builder: Stored west vector: 672 blocks, 13.09 kWh, UTC=2026-10-06T19:30:01.696507+00:00
2026-10-06 19:30:01,905 [INFO] solar_forecast.main: Forecast vectors stored with UTC timestamp
2026-10-06 19:30:01,906 [INFO] solar_forecast.main: Step 2/2: Updating accuracy model...
2026-10-06 19:30:02,089 [INFO] solar_forecast.main: Accuracy model updated: 0 cells
2026-10-06 19:30:02,089 [INFO] solar_forecast.main: Pipeline completed at 2026-10-06T19:30:01.696507+00:00
2026-10-06 19:45:01,368 [INFO] solar_forecast.main: Starting pipeline at 2026-10-06T19:45:01.368017+00:00 UTC
2026-10-06 19:45:01,368 [INFO] solar_forecast.main: Step 1/2: Building forecast vectors...
2026-10-06 19:45:01,550 [INFO] solar_forecast.processing.vector_builder: Stored east vector: 672 blocks, 71.49 kWh, UTC=2026-10-06T19:45:01.368017+00:00
2026-10-06 19:45:01,580 [INFO] solar_forecast.processing.vector_builder: Stored west vector: 672 blocks, 13.09 kWh, UTC=2026-10-06T19:45:01.368017+00:00
2026-10-06 19:45:01,581 [INFO] solar_forecast.main: Forecast vectors stored with UTC timestamp
2026-10-06 19:45:01,581 [INFO] solar_forecast.main: Step 2/2: Updating accuracy model...
2026-10-06 19:45:01,739 [INFO] solar_forecast.main: Accuracy model updated: 0 cells
2026-10-06 19:45:01,739 [INFO] solar_forecast.main: Pipeline completed at 2026-10-06T19:45:01.368017+00:00
2026-10-06 20:00:02,016 [INFO] solar_forecast.main: Starting pipeline at 2026-10-06T20:00:02.016548+00:00 UTC
2026-10-06 20:00:02,017 [INFO] solar_forecast.main: Step 1/2: Building forecast vectors...
2026-10-06 20:00:02,245 [INFO] solar_forecast.processing.vector_builder: Stored east vector: 672 blocks, 73.43 kWh, UTC=2026-10-06T20:00:02.016548+00:00
2026-10-06 20:00:02,260 [INFO] solar_forecast.processing.vector_builder: Stored west vector: 672 blocks, 13.10 kWh, UTC=2026-10-06T20:00:02.016548+00:00
2026-10-06 20:00:02,263 [INFO] solar_forecast.main: Forecast vectors stored with UTC timestamp
2026-10-06 20:00:02,263 [INFO] solar_forecast.main: Step 2/2: Updating accuracy model...
2026-10-06 20:00:02,397 [INFO] solar_forecast.main: Accuracy model updated: 0 cells
2026-10-06 20:00:02,397 [INFO] solar_forecast.main: Pipeline completed at 2026-10-06T20:00:02.016548+00:00
2026-10-06 20:15:01,650 [INFO] solar_forecast.main: Starting pipeline at 2026-10-06T20:15:01.650324+00:00 UTC
2026-10-06 20:15:01,650 [INFO] solar_forecast.main: Step 1/2: Building forecast vectors...
2026-10-06 20:15:01,868 [INFO] solar_forecast.processing.vector_builder: Stored east vector: 672 blocks, 73.43 kWh, UTC=2026-10-06T20:15:01.650324+00:00
2026-10-06 20:15:01,881 [INFO] solar_forecast.processing.vector_builder: Stored west vector: 672 blocks, 13.10 kWh, UTC=2026-10-06T20:15:01.650324+00:00
2026-10-06 20:15:01,882 [INFO] solar_forecast.main: Forecast vectors stored with UTC timestamp
2026-10-06 20:15:01,882 [INFO] solar_forecast.main: Step 2/2: Updating accuracy model...
2026-10-06 20:15:02,028 [INFO] solar_forecast.main: Accuracy model updated: 0 cells
2026-10-06 20:15:02,028 [INFO] solar_forecast.main: Pipeline completed at 2026-10-06T20:15:01.650324+00:00
2026-10-06 20:30:01,286 [INFO] solar_forecast.main: Starting pipeline at 2026-10-06T20:30:01.286098+00:00 UTC
2026-10-06 20:30:01,286 [INFO] solar_forecast.main: Step 1/2: Building forecast vectors...
2026-10-06 20:30:01,485 [INFO] solar_forecast.processing.vector_builder: Stored east vector: 672 blocks, 73.43 kWh, UTC=2026-10-06T20:30:01.286098+00:00
2026-10-06 20:30:01,497 [INFO] solar_forecast.processing.vector_builder: Stored west vector: 672 blocks, 13.10 kWh, UTC=2026-10-06T20:30:01.286098+00:00
2026-10-06 20:30:01,498 [INFO] solar_forecast.main: Forecast vectors stored with UTC timestamp
2026-10-06 20:30:01,498 [INFO] solar_forecast.main: Step 2/2: Updating accuracy model...
2026-10-06 20:30:01,631 [INFO] solar_forecast.main: Accuracy model updated: 0 cells
2026-10-06 20:30:01,631 [INFO] solar_forecast.main: Pipeline completed at 2026-10-06T20:30:01.286098+00:00
2026-10-06 20:45:01,911 [INFO] solar_forecast.main: Starting pipeline at 2026-10-06T20:45:01.911420+00:00 UTC
2026-10-06 20:45:01,912 [INFO] solar_forecast.main: Step 1/2: Building forecast vectors...
2026-10-06 20:45:02,123 [INFO] solar_forecast.processing.vector_builder: Stored east vector: 672 blocks, 73.43 kWh, UTC=2026-10-06T20:45:01.911420+00:00
2026-10-06 20:45:02,136 [INFO] solar_forecast.processing.vector_builder: Stored west vector: 672 blocks, 13.10 kWh, UTC=2026-10-06T20:45:01.911420+00:00
2026-10-06 20:45:02,136 [INFO] solar_forecast.main: Forecast vectors stored with UTC timestamp
2026-10-06 20:45:02,136 [INFO] solar_forecast.main: Step 2/2: Updating accuracy model...
2026-10-06 20:45:02,271 [INFO] solar_forecast.main: Accuracy model updated: 0 cells
2026-10-06 20:45:02,271 [INFO] solar_forecast.main: Pipeline completed at 2026-10-06T20:45:01.911420+00:00
2026-10-06 21:00:01,552 [INFO] solar_forecast.main: Starting pipeline at 2026-10-06T21:00:01.552624+00:00 UTC
2026-10-06 21:00:01,553 [INFO] solar_forecast.main: Step 1/2: Building forecast vectors...
2026-10-06 21:00:01,746 [INFO] solar_forecast.processing.vector_builder: Stored east vector: 672 blocks, 70.64 kWh, UTC=2026-10-06T21:00:01.552624+00:00
2026-10-06 21:00:01,759 [INFO] solar_forecast.processing.vector_builder: Stored west vector: 672 blocks, 12.98 kWh, UTC=2026-10-06T21:00:01.552624+00:00
2026-10-06 21:00:01,759 [INFO] solar_forecast.main: Forecast vectors stored with UTC timestamp
2026-10-06 21:00:01,759 [INFO] solar_forecast.main: Step 2/2: Updating accuracy model...
2026-10-06 21:00:01,881 [INFO] solar_forecast.main: Accuracy model updated: 0 cells
2026-10-06 21:00:01,881 [INFO] solar_forecast.main: Pipeline completed at 2026-10-06T21:00:01.552624+00:00
2026-10-06 21:15:02,141 [INFO] solar_forecast.main: Starting pipeline at 2026-10-06T21:15:02.141543+00:00 UTC
2026-10-06 21:15:02,142 [INFO] solar_forecast.main: Step 1/2: Building forecast vectors...
2026-10-06 21:15:02,571 [INFO] solar_forecast.processing.vector_builder: Stored east vector: 672 blocks, 70.64 kWh, UTC=2026-10-06T21:15:02.141543+00:00
2026-10-06 21:15:02,736 [INFO] solar_forecast.processing.vector_builder: Stored west vector: 672 blocks, 12.98 kWh, UTC=2026-10-06T21:15:02.141543+00:00
2026-10-06 21:15:02,737 [INFO] solar_forecast.main: Forecast vectors stored with UTC timestamp
2026-10-06 21:15:02,737 [INFO] solar_forecast.main: Step 2/2: Updating accuracy model...
2026-10-06 21:15:02,943 [INFO] solar_forecast.main: Accuracy model updated: 0 cells
2026-10-06 21:15:02,943 [INFO] solar_forecast.main: Pipeline completed at 2026-10-06T21:15:02.141543+00:00
2026-10-06 21:30:02,213 [INFO] solar_forecast.main: Starting pipeline at 2026-10-06T21:30:02.213030+00:00 UTC
2026-10-06 21:30:02,213 [INFO] solar_forecast.main: Step 1/2: Building forecast vectors...
2026-10-06 21:30:02,430 [INFO] solar_forecast.processing.vector_builder: Stored east vector: 672 blocks, 70.64 kWh, UTC=2026-10-06T21:30:02.213030+00:00
2026-10-06 21:30:02,466 [INFO] solar_forecast.processing.vector_builder: Stored west vector: 672 blocks, 12.98 kWh, UTC=2026-10-06T21:30:02.213030+00:00
2026-10-06 21:30:02,466 [INFO] solar_forecast.main: Forecast vectors stored with UTC timestamp
2026-10-06 21:30:02,467 [INFO] solar_forecast.main: Step 2/2: Updating accuracy model...
2026-10-06 21:30:02,726 [INFO] solar_forecast.main: Accuracy model updated: 2 cells
2026-10-06 21:30:02,726 [INFO] solar_forecast.main: Pipeline completed at 2026-10-06T21:30:02.213030+00:00
2026-10-06 21:45:01,994 [INFO] solar_forecast.main: Starting pipeline at 2026-10-06T21:45:01.993908+00:00 UTC
2026-10-06 21:45:01,994 [INFO] solar_forecast.main: Step 1/2: Building forecast vectors...
2026-10-06 21:45:02,196 [INFO] solar_forecast.processing.vector_builder: Stored east vector: 672 blocks, 70.64 kWh, UTC=2026-10-06T21:45:01.993908+00:00
2026-10-06 21:45:02,213 [INFO] solar_forecast.processing.vector_builder: Stored west vector: 672 blocks, 12.98 kWh, UTC=2026-10-06T21:45:01.993908+00:00
2026-10-06 21:45:02,214 [INFO] solar_forecast.main: Forecast vectors stored with UTC timestamp
2026-10-06 21:45:02,214 [INFO] solar_forecast.main: Step 2/2: Updating accuracy model...
2026-10-06 21:45:02,475 [INFO] solar_forecast.main: Accuracy model updated: 2 cells
2026-10-06 21:45:02,476 [INFO] solar_forecast.main: Pipeline completed at 2026-10-06T21:45:01.993908+00:00
2026-10-06 22:00:01,754 [INFO] solar_forecast.main: Starting pipeline at 2026-10-06T22:00:01.754302+00:00 UTC
2026-10-06 22:00:01,754 [INFO] solar_forecast.main: Step 1/2: Building forecast vectors...
2026-10-06 22:00:01,853 [WARNING] solar_forecast.sensors.forecast_fetcher: Rolling vector: 1/672 blocks have no sensor data (filled with 0.0)
2026-10-06 22:00:01,907 [WARNING] solar_forecast.sensors.forecast_fetcher: Rolling vector: 1/672 blocks have no sensor data (filled with 0.0)
2026-10-06 22:00:01,962 [INFO] solar_forecast.processing.vector_builder: Stored east vector: 672 blocks, 71.43 kWh, UTC=2026-10-06T22:00:01.754302+00:00
2026-10-06 22:00:01,975 [INFO] solar_forecast.processing.vector_builder: Stored west vector: 672 blocks, 13.43 kWh, UTC=2026-10-06T22:00:01.754302+00:00
2026-10-06 22:00:01,976 [INFO] solar_forecast.main: Forecast vectors stored with UTC timestamp
2026-10-06 22:00:01,976 [INFO] solar_forecast.main: Step 2/2: Updating accuracy model...
2026-10-06 22:00:02,258 [INFO] solar_forecast.main: Accuracy model updated: 2 cells
2026-10-06 22:00:02,258 [INFO] solar_forecast.main: Pipeline completed at 2026-10-06T22:00:01.754302+00:00
2026-10-06 22:15:01,532 [INFO] solar_forecast.main: Starting pipeline at 2026-10-06T22:15:01.532329+00:00 UTC
2026-10-06 22:15:01,532 [INFO] solar_forecast.main: Step 1/2: Building forecast vectors...
2026-10-06 22:15:01,646 [WARNING] solar_forecast.sensors.forecast_fetcher: Rolling vector: 2/672 blocks have no sensor data (filled with 0.0)
2026-10-06 22:15:01,699 [WARNING] solar_forecast.sensors.forecast_fetcher: Rolling vector: 2/672 blocks have no sensor data (filled with 0.0)
2026-10-06 22:15:01,779 [INFO] solar_forecast.processing.vector_builder: Stored east vector: 672 blocks, 76.22 kWh, UTC=2026-10-06T22:15:01.532329+00:00
2026-10-06 22:15:01,795 [INFO] solar_forecast.processing.vector_builder: Stored west vector: 672 blocks, 13.55 kWh, UTC=2026-10-06T22:15:01.532329+00:00
2026-10-06 22:15:01,796 [INFO] solar_forecast.main: Forecast vectors stored with UTC timestamp
2026-10-06 22:15:01,796 [INFO] solar_forecast.main: Step 2/2: Updating accuracy model...
2026-10-06 22:15:02,040 [INFO] solar_forecast.main: Accuracy model updated: 2 cells
2026-10-06 22:15:02,040 [INFO] solar_forecast.main: Pipeline completed at 2026-10-06T22:15:01.532329+00:00
2026-10-06 22:30:01,277 [INFO] solar_forecast.main: Starting pipeline at 2026-10-06T22:30:01.277284+00:00 UTC
2026-10-06 22:30:01,277 [INFO] solar_forecast.main: Step 1/2: Building forecast vectors...
2026-10-06 22:30:01,375 [WARNING] solar_forecast.sensors.forecast_fetcher: Rolling vector: 3/672 blocks have no sensor data (filled with 0.0)
2026-10-06 22:30:01,427 [WARNING] solar_forecast.sensors.forecast_fetcher: Rolling vector: 3/672 blocks have no sensor data (filled with 0.0)
2026-10-06 22:30:01,482 [INFO] solar_forecast.processing.vector_builder: Stored east vector: 672 blocks, 76.22 kWh, UTC=2026-10-06T22:30:01.277284+00:00
2026-10-06 22:30:01,494 [INFO] solar_forecast.processing.vector_builder: Stored west vector: 672 blocks, 13.55 kWh, UTC=2026-10-06T22:30:01.277284+00:00
2026-10-06 22:30:01,496 [INFO] solar_forecast.main: Forecast vectors stored with UTC timestamp
2026-10-06 22:30:01,496 [INFO] solar_forecast.main: Step 2/2: Updating accuracy model...
2026-10-06 22:30:01,754 [INFO] solar_forecast.main: Accuracy model updated: 2 cells
2026-10-06 22:30:01,754 [INFO] solar_forecast.main: Pipeline completed at 2026-10-06T22:30:01.277284+00:00
2026-10-06 22:45:02,021 [INFO] solar_forecast.main: Starting pipeline at 2026-10-06T22:45:02.020859+00:00 UTC
2026-10-06 22:45:02,021 [INFO] solar_forecast.main: Step 1/2: Building forecast vectors...
2026-10-06 22:45:02,117 [WARNING] solar_forecast.sensors.forecast_fetcher: Rolling vector: 4/672 blocks have no sensor data (filled with 0.0)
2026-10-06 22:45:02,165 [WARNING] solar_forecast.sensors.forecast_fetcher: Rolling vector: 4/672 blocks have no sensor data (filled with 0.0)
2026-10-06 22:45:02,219 [INFO] solar_forecast.processing.vector_builder: Stored east vector: 672 blocks, 76.22 kWh, UTC=2026-10-06T22:45:02.020859+00:00
2026-10-06 22:45:02,234 [INFO] solar_forecast.processing.vector_builder: Stored west vector: 672 blocks, 13.55 kWh, UTC=2026-10-06T22:45:02.020859+00:00
2026-10-06 22:45:02,234 [INFO] solar_forecast.main: Forecast vectors stored with UTC timestamp
2026-10-06 22:45:02,234 [INFO] solar_forecast.main: Step 2/2: Updating accuracy model...
2026-10-06 22:45:02,493 [INFO] solar_forecast.main: Accuracy model updated: 2 cells
2026-10-06 22:45:02,494 [INFO] solar_forecast.main: Pipeline completed at 2026-10-06T22:45:02.020859+00:00
2026-10-06 23:00:01,745 [INFO] solar_forecast.main: Starting pipeline at 2026-10-06T23:00:01.745104+00:00 UTC
2026-10-06 23:00:01,745 [INFO] solar_forecast.main: Step 1/2: Building forecast vectors...
2026-10-06 23:00:01,848 [WARNING] solar_forecast.sensors.forecast_fetcher: Rolling vector: 5/672 blocks have no sensor data (filled with 0.0)
2026-10-06 23:00:01,900 [WARNING] solar_forecast.sensors.forecast_fetcher: Rolling vector: 5/672 blocks have no sensor data (filled with 0.0)
2026-10-06 23:00:01,956 [INFO] solar_forecast.processing.vector_builder: Stored east vector: 672 blocks, 76.22 kWh, UTC=2026-10-06T23:00:01.745104+00:00
2026-10-06 23:00:01,975 [INFO] solar_forecast.processing.vector_builder: Stored west vector: 672 blocks, 13.55 kWh, UTC=2026-10-06T23:00:01.745104+00:00
2026-10-06 23:00:01,976 [INFO] solar_forecast.main: Forecast vectors stored with UTC timestamp
2026-10-06 23:00:01,976 [INFO] solar_forecast.main: Step 2/2: Updating accuracy model...
2026-10-06 23:00:02,315 [INFO] solar_forecast.main: Accuracy model updated: 2 cells
2026-10-06 23:00:02,315 [INFO] solar_forecast.main: Pipeline completed at 2026-10-06T23:00:01.745104+00:00
2026-10-06 23:15:01,614 [INFO] solar_forecast.main: Starting pipeline at 2026-10-06T23:15:01.613999+00:00 UTC
2026-10-06 23:15:01,614 [INFO] solar_forecast.main: Step 1/2: Building forecast vectors...
2026-10-06 23:15:01,721 [WARNING] solar_forecast.sensors.forecast_fetcher: Rolling vector: 6/672 blocks have no sensor data (filled with 0.0)
2026-10-06 23:15:01,771 [WARNING] solar_forecast.sensors.forecast_fetcher: Rolling vector: 6/672 blocks have no sensor data (filled with 0.0)
2026-10-06 23:15:01,823 [INFO] solar_forecast.processing.vector_builder: Stored east vector: 672 blocks, 76.22 kWh, UTC=2026-10-06T23:15:01.613999+00:00
2026-10-06 23:15:01,836 [INFO] solar_forecast.processing.vector_builder: Stored west vector: 672 blocks, 13.55 kWh, UTC=2026-10-06T23:15:01.613999+00:00
2026-10-06 23:15:01,837 [INFO] solar_forecast.main: Forecast vectors stored with UTC timestamp
2026-10-06 23:15:01,837 [INFO] solar_forecast.main: Step 2/2: Updating accuracy model...
2026-10-06 23:15:02,120 [INFO] solar_forecast.main: Accuracy model updated: 2 cells
2026-10-06 23:15:02,121 [INFO] solar_forecast.main: Pipeline completed at 2026-10-06T23:15:01.613999+00:00
2026-10-06 23:30:01,368 [INFO] solar_forecast.main: Starting pipeline at 2026-10-06T23:30:01.368198+00:00 UTC
2026-10-06 23:30:01,368 [INFO] solar_forecast.main: Step 1/2: Building forecast vectors...
2026-10-06 23:30:01,461 [WARNING] solar_forecast.sensors.forecast_fetcher: Rolling vector: 7/672 blocks have no sensor data (filled with 0.0)
2026-10-06 23:30:01,513 [WARNING] solar_forecast.sensors.forecast_fetcher: Rolling vector: 7/672 blocks have no sensor data (filled with 0.0)
2026-10-06 23:30:01,576 [INFO] solar_forecast.processing.vector_builder: Stored east vector: 672 blocks, 76.22 kWh, UTC=2026-10-06T23:30:01.368198+00:00
2026-10-06 23:30:01,593 [INFO] solar_forecast.processing.vector_builder: Stored west vector: 672 blocks, 13.55 kWh, UTC=2026-10-06T23:30:01.368198+00:00
2026-10-06 23:30:01,594 [INFO] solar_forecast.main: Forecast vectors stored with UTC timestamp
2026-10-06 23:30:01,594 [INFO] solar_forecast.main: Step 2/2: Updating accuracy model...
2026-10-06 23:30:01,894 [INFO] solar_forecast.main: Accuracy model updated: 2 cells
2026-10-06 23:30:01,894 [INFO] solar_forecast.main: Pipeline completed at 2026-10-06T23:30:01.368198+00:00
2026-10-06 23:45:02,176 [INFO] solar_forecast.main: Starting pipeline at 2026-10-06T23:45:02.176019+00:00 UTC
2026-10-06 23:45:02,176 [INFO] solar_forecast.main: Step 1/2: Building forecast vectors...
2026-10-06 23:45:02,267 [WARNING] solar_forecast.sensors.forecast_fetcher: Rolling vector: 8/672 blocks have no sensor data (filled with 0.0)
2026-10-06 23:45:02,315 [WARNING] solar_forecast.sensors.forecast_fetcher: Rolling vector: 8/672 blocks have no sensor data (filled with 0.0)
2026-10-06 23:45:02,368 [INFO] solar_forecast.processing.vector_builder: Stored east vector: 672 blocks, 76.22 kWh, UTC=2026-10-06T23:45:02.176019+00:00
2026-10-06 23:45:02,380 [INFO] solar_forecast.processing.vector_builder: Stored west vector: 672 blocks, 13.55 kWh, UTC=2026-10-06T23:45:02.176019+00:00
2026-10-06 23:45:02,381 [INFO] solar_forecast.main: Forecast vectors stored with UTC timestamp
2026-10-06 23:45:02,381 [INFO] solar_forecast.main: Step 2/2: Updating accuracy model...
2026-10-06 23:45:02,636 [INFO] solar_forecast.main: Accuracy model updated: 2 cells
2026-10-06 23:45:02,636 [INFO] solar_forecast.main: Pipeline completed at 2026-10-06T23:45:02.176019+00:00
2026-10-07 00:00:01,889 [INFO] solar_forecast.main: Starting pipeline at 2026-10-07T00:00:01.889615+00:00 UTC
2026-10-07 00:00:01,890 [INFO] solar_forecast.main: Step 1/2: Building forecast vectors...
2026-10-07 00:00:01,999 [WARNING] solar_forecast.sensors.forecast_fetcher: Rolling vector: 9/672 blocks have no sensor data (filled with 0.0)
2026-10-07 00:00:02,056 [WARNING] solar_forecast.sensors.forecast_fetcher: Rolling vector: 9/672 blocks have no sensor data (filled with 0.0)
2026-10-07 00:00:02,127 [INFO] solar_forecast.processing.vector_builder: Stored east vector: 672 blocks, 76.30 kWh, UTC=2026-10-07T00:00:01.889615+00:00
2026-10-07 00:00:02,141 [INFO] solar_forecast.processing.vector_builder: Stored west vector: 672 blocks, 13.39 kWh, UTC=2026-10-07T00:00:01.889615+00:00
2026-10-07 00:00:02,142 [INFO] solar_forecast.main: Forecast vectors stored with UTC timestamp
2026-10-07 00:00:02,143 [INFO] solar_forecast.main: Step 2/2: Updating accuracy model...
2026-10-07 00:00:02,477 [INFO] solar_forecast.main: Accuracy model updated: 2 cells
2026-10-07 00:00:02,478 [INFO] solar_forecast.main: Pipeline completed at 2026-10-07T00:00:01.889615+00:00
2026-10-07 00:15:01,727 [INFO] solar_forecast.main: Starting pipeline at 2026-10-07T00:15:01.727028+00:00 UTC
2026-10-07 00:15:01,727 [INFO] solar_forecast.main: Step 1/2: Building forecast vectors...
2026-10-07 00:15:01,831 [WARNING] solar_forecast.sensors.forecast_fetcher: Rolling vector: 10/672 blocks have no sensor data (filled with 0.0)
2026-10-07 00:15:01,888 [WARNING] solar_forecast.sensors.forecast_fetcher: Rolling vector: 10/672 blocks have no sensor data (filled with 0.0)
2026-10-07 00:15:01,942 [INFO] solar_forecast.processing.vector_builder: Stored east vector: 672 blocks, 76.30 kWh, UTC=2026-10-07T00:15:01.727028+00:00
2026-10-07 00:15:01,955 [INFO] solar_forecast.processing.vector_builder: Stored west vector: 672 blocks, 13.39 kWh, UTC=2026-10-07T00:15:01.727028+00:00
2026-10-07 00:15:01,956 [INFO] solar_forecast.main: Forecast vectors stored with UTC timestamp
2026-10-07 00:15:01,956 [INFO] solar_forecast.main: Step 2/2: Updating accuracy model...
2026-10-07 00:15:02,252 [INFO] solar_forecast.main: Accuracy model updated: 2 cells
2026-10-07 00:15:02,252 [INFO] solar_forecast.main: Pipeline completed at 2026-10-07T00:15:01.727028+00:00
2026-10-07 00:30:01,491 [INFO] solar_forecast.main: Starting pipeline at 2026-10-07T00:30:01.491012+00:00 UTC
2026-10-07 00:30:01,491 [INFO] solar_forecast.main: Step 1/2: Building forecast vectors...
2026-10-07 00:30:01,605 [WARNING] solar_forecast.sensors.forecast_fetcher: Rolling vector: 11/672 blocks have no sensor data (filled with 0.0)
2026-10-07 00:30:01,659 [WARNING] solar_forecast.sensors.forecast_fetcher: Rolling vector: 11/672 blocks have no sensor data (filled with 0.0)
2026-10-07 00:30:01,723 [INFO] solar_forecast.processing.vector_builder: Stored east vector: 672 blocks, 76.15 kWh, UTC=2026-10-07T00:30:01.491012+00:00
2026-10-07 00:30:01,738 [INFO] solar_forecast.processing.vector_builder: Stored west vector: 672 blocks, 13.33 kWh, UTC=2026-10-07T00:30:01.491012+00:00
2026-10-07 00:30:01,739 [INFO] solar_forecast.main: Forecast vectors stored with UTC timestamp
2026-10-07 00:30:01,739 [INFO] solar_forecast.main: Step 2/2: Updating accuracy model...
2026-10-07 00:30:02,027 [INFO] solar_forecast.main: Accuracy model updated: 2 cells
2026-10-07 00:30:02,029 [INFO] solar_forecast.main: Pipeline completed at 2026-10-07T00:30:01.491012+00:00
2026-10-07 00:45:01,346 [INFO] solar_forecast.main: Starting pipeline at 2026-10-07T00:45:01.346458+00:00 UTC
2026-10-07 00:45:01,346 [INFO] solar_forecast.main: Step 1/2: Building forecast vectors...
2026-10-07 00:45:01,464 [WARNING] solar_forecast.sensors.forecast_fetcher: Rolling vector: 12/672 blocks have no sensor data (filled with 0.0)
2026-10-07 00:45:01,529 [WARNING] solar_forecast.sensors.forecast_fetcher: Rolling vector: 12/672 blocks have no sensor data (filled with 0.0)
2026-10-07 00:45:01,751 [INFO] solar_forecast.processing.vector_builder: Stored east vector: 672 blocks, 76.15 kWh, UTC=2026-10-07T00:45:01.346458+00:00
2026-10-07 00:45:01,918 [INFO] solar_forecast.processing.vector_builder: Stored west vector: 672 blocks, 13.33 kWh, UTC=2026-10-07T00:45:01.346458+00:00
2026-10-07 00:45:01,919 [INFO] solar_forecast.main: Forecast vectors stored with UTC timestamp
2026-10-07 00:45:01,919 [INFO] solar_forecast.main: Step 2/2: Updating accuracy model...
2026-10-07 00:45:02,175 [INFO] solar_forecast.main: Accuracy model updated: 2 cells
2026-10-07 00:45:02,176 [INFO] solar_forecast.main: Pipeline completed at 2026-10-07T00:45:01.346458+00:00
2026-10-07 01:00:01,439 [INFO] solar_forecast.main: Starting pipeline at 2026-10-07T01:00:01.439032+00:00 UTC
2026-10-07 01:00:01,439 [INFO] solar_forecast.main: Step 1/2: Building forecast vectors...
2026-10-07 01:00:01,544 [WARNING] solar_forecast.sensors.forecast_fetcher: Rolling vector: 13/672 blocks have no sensor data (filled with 0.0)
2026-10-07 01:00:01,596 [WARNING] solar_forecast.sensors.forecast_fetcher: Rolling vector: 13/672 blocks have no sensor data (filled with 0.0)
2026-10-07 01:00:01,649 [INFO] solar_forecast.processing.vector_builder: Stored east vector: 672 blocks, 72.84 kWh, UTC=2026-10-07T01:00:01.439032+00:00
2026-10-07 01:00:01,661 [INFO] solar_forecast.processing.vector_builder: Stored west vector: 672 blocks, 13.14 kWh, UTC=2026-10-07T01:00:01.439032+00:00
2026-10-07 01:00:01,661 [INFO] solar_forecast.main: Forecast vectors stored with UTC timestamp
2026-10-07 01:00:01,662 [INFO] solar_forecast.main: Step 2/2: Updating accuracy model...
2026-10-07 01:00:01,920 [INFO] solar_forecast.main: Accuracy model updated: 2 cells
2026-10-07 01:00:01,920 [INFO] solar_forecast.main: Pipeline completed at 2026-10-07T01:00:01.439032+00:00
2026-10-07 01:15:02,189 [INFO] solar_forecast.main: Starting pipeline at 2026-10-07T01:15:02.188944+00:00 UTC
2026-10-07 01:15:02,189 [INFO] solar_forecast.main: Step 1/2: Building forecast vectors...
2026-10-07 01:15:02,280 [WARNING] solar_forecast.sensors.forecast_fetcher: Rolling vector: 14/672 blocks have no sensor data (filled with 0.0)
2026-10-07 01:15:02,327 [WARNING] solar_forecast.sensors.forecast_fetcher: Rolling vector: 14/672 blocks have no sensor data (filled with 0.0)
2026-10-07 01:15:02,378 [INFO] solar_forecast.processing.vector_builder: Stored east vector: 672 blocks, 72.84 kWh, UTC=2026-10-07T01:15:02.188944+00:00
2026-10-07 01:15:02,394 [INFO] solar_forecast.processing.vector_builder: Stored west vector: 672 blocks, 13.14 kWh, UTC=2026-10-07T01:15:02.188944+00:00
2026-10-07 01:15:02,395 [INFO] solar_forecast.main: Forecast vectors stored with UTC timestamp
2026-10-07 01:15:02,395 [INFO] solar_forecast.main: Step 2/2: Updating accuracy model...
2026-10-07 01:15:02,651 [INFO] solar_forecast.main: Accuracy model updated: 2 cells
2026-10-07 01:15:02,651 [INFO] solar_forecast.main: Pipeline completed at 2026-10-07T01:15:02.188944+00:00
2026-10-07 01:30:01,925 [INFO] solar_forecast.main: Starting pipeline at 2026-10-07T01:30:01.925309+00:00 UTC
2026-10-07 01:30:01,925 [INFO] solar_forecast.main: Step 1/2: Building forecast vectors...
2026-10-07 01:30:02,039 [WARNING] solar_forecast.sensors.forecast_fetcher: Rolling vector: 15/672 blocks have no sensor data (filled with 0.0)
2026-10-07 01:30:02,100 [WARNING] solar_forecast.sensors.forecast_fetcher: Rolling vector: 15/672 blocks have no sensor data (filled with 0.0)
2026-10-07 01:30:02,181 [INFO] solar_forecast.processing.vector_builder: Stored east vector: 672 blocks, 72.84 kWh, UTC=2026-10-07T01:30:01.925309+00:00
2026-10-07 01:30:02,197 [INFO] solar_forecast.processing.vector_builder: Stored west vector: 672 blocks, 13.14 kWh, UTC=2026-10-07T01:30:01.925309+00:00
2026-10-07 01:30:02,198 [INFO] solar_forecast.main: Forecast vectors stored with UTC timestamp
2026-10-07 01:30:02,198 [INFO] solar_forecast.main: Step 2/2: Updating accuracy model...
2026-10-07 01:30:02,523 [INFO] solar_forecast.main: Accuracy model updated: 2 cells
2026-10-07 01:30:02,524 [INFO] solar_forecast.main: Pipeline completed at 2026-10-07T01:30:01.925309+00:00
2026-10-07 01:45:01,814 [INFO] solar_forecast.main: Starting pipeline at 2026-10-07T01:45:01.814206+00:00 UTC
2026-10-07 01:45:01,814 [INFO] solar_forecast.main: Step 1/2: Building forecast vectors...
2026-10-07 01:45:01,934 [WARNING] solar_forecast.sensors.forecast_fetcher: Rolling vector: 16/672 blocks have no sensor data (filled with 0.0)
2026-10-07 01:45:01,984 [WARNING] solar_forecast.sensors.forecast_fetcher: Rolling vector: 16/672 blocks have no sensor data (filled with 0.0)
2026-10-07 01:45:02,045 [INFO] solar_forecast.processing.vector_builder: Stored east vector: 672 blocks, 72.84 kWh, UTC=2026-10-07T01:45:01.814206+00:00
2026-10-07 01:45:02,060 [INFO] solar_forecast.processing.vector_builder: Stored west vector: 672 blocks, 13.14 kWh, UTC=2026-10-07T01:45:01.814206+00:00
2026-10-07 01:45:02,061 [INFO] solar_forecast.main: Forecast vectors stored with UTC timestamp
2026-10-07 01:45:02,061 [INFO] solar_forecast.main: Step 2/2: Updating accuracy model...
2026-10-07 01:45:02,323 [INFO] solar_forecast.main: Accuracy model updated: 2 cells
2026-10-07 01:45:02,324 [INFO] solar_forecast.main: Pipeline completed at 2026-10-07T01:45:01.814206+00:00
2026-10-07 02:00:01,588 [INFO] solar_forecast.main: Starting pipeline at 2026-10-07T02:00:01.588485+00:00 UTC
2026-10-07 02:00:01,588 [INFO] solar_forecast.main: Step 1/2: Building forecast vectors...
2026-10-07 02:00:01,686 [WARNING] solar_forecast.sensors.forecast_fetcher: Rolling vector: 17/672 blocks have no sensor data (filled with 0.0)
2026-10-07 02:00:01,738 [WARNING] solar_forecast.sensors.forecast_fetcher: Rolling vector: 17/672 blocks have no sensor data (filled with 0.0)
2026-10-07 02:00:01,789 [INFO] solar_forecast.processing.vector_builder: Stored east vector: 672 blocks, 77.52 kWh, UTC=2026-10-07T02:00:01.588485+00:00
2026-10-07 02:00:01,804 [INFO] solar_forecast.processing.vector_builder: Stored west vector: 672 blocks, 12.86 kWh, UTC=2026-10-07T02:00:01.588485+00:00
2026-10-07 02:00:01,805 [INFO] solar_forecast.main: Forecast vectors stored with UTC timestamp
2026-10-07 02:00:01,805 [INFO] solar_forecast.main: Step 2/2: Updating accuracy model...
2026-10-07 02:00:02,090 [INFO] solar_forecast.main: Accuracy model updated: 2 cells
2026-10-07 02:00:02,090 [INFO] solar_forecast.main: Pipeline completed at 2026-10-07T02:00:01.588485+00:00
2026-10-07 02:15:01,343 [INFO] solar_forecast.main: Starting pipeline at 2026-10-07T02:15:01.343493+00:00 UTC
2026-10-07 02:15:01,344 [INFO] solar_forecast.main: Step 1/2: Building forecast vectors...
2026-10-07 02:15:01,446 [WARNING] solar_forecast.sensors.forecast_fetcher: Rolling vector: 18/672 blocks have no sensor data (filled with 0.0)
2026-10-07 02:15:01,500 [WARNING] solar_forecast.sensors.forecast_fetcher: Rolling vector: 18/672 blocks have no sensor data (filled with 0.0)
2026-10-07 02:15:01,579 [INFO] solar_forecast.processing.vector_builder: Stored east vector: 672 blocks, 77.52 kWh, UTC=2026-10-07T02:15:01.343493+00:00
2026-10-07 02:15:01,594 [INFO] solar_forecast.processing.vector_builder: Stored west vector: 672 blocks, 12.86 kWh, UTC=2026-10-07T02:15:01.343493+00:00
2026-10-07 02:15:01,597 [INFO] solar_forecast.main: Forecast vectors stored with UTC timestamp
2026-10-07 02:15:01,597 [INFO] solar_forecast.main: Step 2/2: Updating accuracy model...
2026-10-07 02:15:01,886 [INFO] solar_forecast.main: Accuracy model updated: 2 cells
2026-10-07 02:15:01,886 [INFO] solar_forecast.main: Pipeline completed at 2026-10-07T02:15:01.343493+00:00
2026-10-07 02:30:02,162 [INFO] solar_forecast.main: Starting pipeline at 2026-10-07T02:30:02.162537+00:00 UTC
2026-10-07 02:30:02,163 [INFO] solar_forecast.main: Step 1/2: Building forecast vectors...
2026-10-07 02:30:02,299 [WARNING] solar_forecast.sensors.forecast_fetcher: Rolling vector: 19/672 blocks have no sensor data (filled with 0.0)
2026-10-07 02:30:02,357 [WARNING] solar_forecast.sensors.forecast_fetcher: Rolling vector: 19/672 blocks have no sensor data (filled with 0.0)
2026-10-07 02:30:02,418 [INFO] solar_forecast.processing.vector_builder: Stored east vector: 672 blocks, 77.52 kWh, UTC=2026-10-07T02:30:02.162537+00:00
2026-10-07 02:30:02,442 [INFO] solar_forecast.processing.vector_builder: Stored west vector: 672 blocks, 12.86 kWh, UTC=2026-10-07T02:30:02.162537+00:00
2026-10-07 02:30:02,443 [INFO] solar_forecast.main: Forecast vectors stored with UTC timestamp
2026-10-07 02:30:02,443 [INFO] solar_forecast.main: Step 2/2: Updating accuracy model...
2026-10-07 02:30:02,735 [INFO] solar_forecast.main: Accuracy model updated: 2 cells
2026-10-07 02:30:02,735 [INFO] solar_forecast.main: Pipeline completed at 2026-10-07T02:30:02.162537+00:00
2026-10-07 02:45:02,149 [INFO] solar_forecast.main: Starting pipeline at 2026-10-07T02:45:02.149050+00:00 UTC
2026-10-07 02:45:02,149 [INFO] solar_forecast.main: Step 1/2: Building forecast vectors...
2026-10-07 02:45:02,243 [WARNING] solar_forecast.sensors.forecast_fetcher: Rolling vector: 20/672 blocks have no sensor data (filled with 0.0)
2026-10-07 02:45:02,292 [WARNING] solar_forecast.sensors.forecast_fetcher: Rolling vector: 20/672 blocks have no sensor data (filled with 0.0)
2026-10-07 02:45:02,352 [INFO] solar_forecast.processing.vector_builder: Stored east vector: 672 blocks, 77.52 kWh, UTC=2026-10-07T02:45:02.149050+00:00
2026-10-07 02:45:02,365 [INFO] solar_forecast.processing.vector_builder: Stored west vector: 672 blocks, 12.86 kWh, UTC=2026-10-07T02:45:02.149050+00:00
2026-10-07 02:45:02,366 [INFO] solar_forecast.main: Forecast vectors stored with UTC timestamp
2026-10-07 02:45:02,366 [INFO] solar_forecast.main: Step 2/2: Updating accuracy model...
2026-10-07 02:45:02,630 [INFO] solar_forecast.main: Accuracy model updated: 2 cells
2026-10-07 02:45:02,630 [INFO] solar_forecast.main: Pipeline completed at 2026-10-07T02:45:02.149050+00:00
2026-10-07 03:00:01,960 [INFO] solar_forecast.main: Starting pipeline at 2026-10-07T03:00:01.960634+00:00 UTC
2026-10-07 03:00:01,961 [INFO] solar_forecast.main: Step 1/2: Building forecast vectors...
2026-10-07 03:00:02,059 [WARNING] solar_forecast.sensors.forecast_fetcher: Rolling vector: 21/672 blocks have no sensor data (filled with 0.0)
2026-10-07 03:00:02,112 [WARNING] solar_forecast.sensors.forecast_fetcher: Rolling vector: 21/672 blocks have no sensor data (filled with 0.0)
2026-10-07 03:00:02,175 [INFO] solar_forecast.processing.vector_builder: Stored east vector: 672 blocks, 74.57 kWh, UTC=2026-10-07T03:00:01.960634+00:00
2026-10-07 03:00:02,190 [INFO] solar_forecast.processing.vector_builder: Stored west vector: 672 blocks, 13.17 kWh, UTC=2026-10-07T03:00:01.960634+00:00
2026-10-07 03:00:02,191 [INFO] solar_forecast.main: Forecast vectors stored with UTC timestamp
2026-10-07 03:00:02,191 [INFO] solar_forecast.main: Step 2/2: Updating accuracy model...
2026-10-07 03:00:02,466 [INFO] solar_forecast.main: Accuracy model updated: 2 cells
2026-10-07 03:00:02,466 [INFO] solar_forecast.main: Pipeline completed at 2026-10-07T03:00:01.960634+00:00
2026-10-07 03:15:01,722 [INFO] solar_forecast.main: Starting pipeline at 2026-10-07T03:15:01.722653+00:00 UTC
2026-10-07 03:15:01,723 [INFO] solar_forecast.main: Step 1/2: Building forecast vectors...
2026-10-07 03:15:01,818 [WARNING] solar_forecast.sensors.forecast_fetcher: Rolling vector: 22/672 blocks have no sensor data (filled with 0.0)
2026-10-07 03:15:01,866 [WARNING] solar_forecast.sensors.forecast_fetcher: Rolling vector: 22/672 blocks have no sensor data (filled with 0.0)
2026-10-07 03:15:01,920 [INFO] solar_forecast.processing.vector_builder: Stored east vector: 672 blocks, 74.57 kWh, UTC=2026-10-07T03:15:01.722653+00:00
2026-10-07 03:15:01,931 [INFO] solar_forecast.processing.vector_builder: Stored west vector: 672 blocks, 13.17 kWh, UTC=2026-10-07T03:15:01.722653+00:00
2026-10-07 03:15:01,932 [INFO] solar_forecast.main: Forecast vectors stored with UTC timestamp
2026-10-07 03:15:01,932 [INFO] solar_forecast.main: Step 2/2: Updating accuracy model...
2026-10-07 03:15:02,179 [INFO] solar_forecast.main: Accuracy model updated: 2 cells
2026-10-07 03:15:02,179 [INFO] solar_forecast.main: Pipeline completed at 2026-10-07T03:15:01.722653+00:00
2026-10-07 03:30:01,465 [INFO] solar_forecast.main: Starting pipeline at 2026-10-07T03:30:01.464866+00:00 UTC
2026-10-07 03:30:01,465 [INFO] solar_forecast.main: Step 1/2: Building forecast vectors...
2026-10-07 03:30:01,566 [WARNING] solar_forecast.sensors.forecast_fetcher: Rolling vector: 23/672 blocks have no sensor data (filled with 0.0)
2026-10-07 03:30:01,618 [WARNING] solar_forecast.sensors.forecast_fetcher: Rolling vector: 23/672 blocks have no sensor data (filled with 0.0)
2026-10-07 03:30:01,691 [INFO] solar_forecast.processing.vector_builder: Stored east vector: 672 blocks, 74.57 kWh, UTC=2026-10-07T03:30:01.464866+00:00
2026-10-07 03:30:01,714 [INFO] solar_forecast.processing.vector_builder: Stored west vector: 672 blocks, 13.17 kWh, UTC=2026-10-07T03:30:01.464866+00:00
2026-10-07 03:30:01,715 [INFO] solar_forecast.main: Forecast vectors stored with UTC timestamp
2026-10-07 03:30:01,715 [INFO] solar_forecast.main: Step 2/2: Updating accuracy model...
2026-10-07 03:30:02,002 [INFO] solar_forecast.main: Accuracy model updated: 2 cells
2026-10-07 03:30:02,003 [INFO] solar_forecast.main: Pipeline completed at 2026-10-07T03:30:01.464866+00:00
2026-10-07 03:45:01,296 [INFO] solar_forecast.main: Starting pipeline at 2026-10-07T03:45:01.296301+00:00 UTC
2026-10-07 03:45:01,296 [INFO] solar_forecast.main: Step 1/2: Building forecast vectors...
2026-10-07 03:45:01,399 [WARNING] solar_forecast.sensors.forecast_fetcher: Rolling vector: 24/672 blocks have no sensor data (filled with 0.0)
2026-10-07 03:45:01,452 [WARNING] solar_forecast.sensors.forecast_fetcher: Rolling vector: 24/672 blocks have no sensor data (filled with 0.0)
2026-10-07 03:45:01,498 [INFO] solar_forecast.processing.vector_builder: Stored east vector: 672 blocks, 74.57 kWh, UTC=2026-10-07T03:45:01.296301+00:00
2026-10-07 03:45:01,510 [INFO] solar_forecast.processing.vector_builder: Stored west vector: 672 blocks, 13.17 kWh, UTC=2026-10-07T03:45:01.296301+00:00
2026-10-07 03:45:01,511 [INFO] solar_forecast.main: Forecast vectors stored with UTC timestamp
2026-10-07 03:45:01,511 [INFO] solar_forecast.main: Step 2/2: Updating accuracy model...
2026-10-07 03:45:01,804 [INFO] solar_forecast.main: Accuracy model updated: 2 cells
2026-10-07 03:45:01,804 [INFO] solar_forecast.main: Pipeline completed at 2026-10-07T03:45:01.296301+00:00
2026-10-07 04:00:02,071 [INFO] solar_forecast.main: Starting pipeline at 2026-10-07T04:00:02.071226+00:00 UTC
2026-10-07 04:00:02,071 [INFO] solar_forecast.main: Step 1/2: Building forecast vectors...
2026-10-07 04:00:02,171 [WARNING] solar_forecast.sensors.forecast_fetcher: Rolling vector: 25/672 blocks have no sensor data (filled with 0.0)
2026-10-07 04:00:02,221 [WARNING] solar_forecast.sensors.forecast_fetcher: Rolling vector: 25/672 blocks have no sensor data (filled with 0.0)
2026-10-07 04:00:02,276 [INFO] solar_forecast.processing.vector_builder: Stored east vector: 672 blocks, 77.91 kWh, UTC=2026-10-07T04:00:02.071226+00:00
2026-10-07 04:00:02,289 [INFO] solar_forecast.processing.vector_builder: Stored west vector: 672 blocks, 12.60 kWh, UTC=2026-10-07T04:00:02.071226+00:00
2026-10-07 04:00:02,290 [INFO] solar_forecast.main: Forecast vectors stored with UTC timestamp
2026-10-07 04:00:02,290 [INFO] solar_forecast.main: Step 2/2: Updating accuracy model...
2026-10-07 04:00:02,560 [INFO] solar_forecast.main: Accuracy model updated: 2 cells
2026-10-07 04:00:02,560 [INFO] solar_forecast.main: Pipeline completed at 2026-10-07T04:00:02.071226+00:00
2026-10-07 04:15:01,800 [INFO] solar_forecast.main: Starting pipeline at 2026-10-07T04:15:01.800656+00:00 UTC
2026-10-07 04:15:01,801 [INFO] solar_forecast.main: Step 1/2: Building forecast vectors...
2026-10-07 04:15:01,897 [WARNING] solar_forecast.sensors.forecast_fetcher: Rolling vector: 26/672 blocks have no sensor data (filled with 0.0)
2026-10-07 04:15:01,946 [WARNING] solar_forecast.sensors.forecast_fetcher: Rolling vector: 26/672 blocks have no sensor data (filled with 0.0)
2026-10-07 04:15:02,006 [INFO] solar_forecast.processing.vector_builder: Stored east vector: 672 blocks, 77.91 kWh, UTC=2026-10-07T04:15:01.800656+00:00
2026-10-07 04:15:02,018 [INFO] solar_forecast.processing.vector_builder: Stored west vector: 672 blocks, 12.60 kWh, UTC=2026-10-07T04:15:01.800656+00:00
2026-10-07 04:15:02,019 [INFO] solar_forecast.main: Forecast vectors stored with UTC timestamp
2026-10-07 04:15:02,019 [INFO] solar_forecast.main: Step 2/2: Updating accuracy model...
2026-10-07 04:15:02,285 [INFO] solar_forecast.main: Accuracy model updated: 2 cells
2026-10-07 04:15:02,286 [INFO] solar_forecast.main: Pipeline completed at 2026-10-07T04:15:01.800656+00:00
2026-10-07 04:30:01,525 [INFO] solar_forecast.main: Starting pipeline at 2026-10-07T04:30:01.524925+00:00 UTC
2026-10-07 04:30:01,525 [INFO] solar_forecast.main: Step 1/2: Building forecast vectors...
2026-10-07 04:30:01,618 [WARNING] solar_forecast.sensors.forecast_fetcher: Rolling vector: 27/672 blocks have no sensor data (filled with 0.0)
2026-10-07 04:30:01,669 [WARNING] solar_forecast.sensors.forecast_fetcher: Rolling vector: 27/672 blocks have no sensor data (filled with 0.0)
2026-10-07 04:30:01,732 [INFO] solar_forecast.processing.vector_builder: Stored east vector: 672 blocks, 77.91 kWh, UTC=2026-10-07T04:30:01.524925+00:00
2026-10-07 04:30:01,754 [INFO] solar_forecast.processing.vector_builder: Stored west vector: 672 blocks, 12.60 kWh, UTC=2026-10-07T04:30:01.524925+00:00
2026-10-07 04:30:01,754 [INFO] solar_forecast.main: Forecast vectors stored with UTC timestamp
2026-10-07 04:30:01,754 [INFO] solar_forecast.main: Step 2/2: Updating accuracy model...
2026-10-07 04:30:02,058 [INFO] solar_forecast.main: Accuracy model updated: 2 cells
2026-10-07 04:30:02,058 [INFO] solar_forecast.main: Pipeline completed at 2026-10-07T04:30:01.524925+00:00
2026-10-07 04:45:01,313 [INFO] solar_forecast.main: Starting pipeline at 2026-10-07T04:45:01.313661+00:00 UTC
2026-10-07 04:45:01,314 [INFO] solar_forecast.main: Step 1/2: Building forecast vectors...
2026-10-07 04:45:01,416 [WARNING] solar_forecast.sensors.forecast_fetcher: Rolling vector: 28/672 blocks have no sensor data (filled with 0.0)
2026-10-07 04:45:01,473 [WARNING] solar_forecast.sensors.forecast_fetcher: Rolling vector: 28/672 blocks have no sensor data (filled with 0.0)
2026-10-07 04:45:01,533 [INFO] solar_forecast.processing.vector_builder: Stored east vector: 672 blocks, 77.91 kWh, UTC=2026-10-07T04:45:01.313661+00:00
2026-10-07 04:45:01,556 [INFO] solar_forecast.processing.vector_builder: Stored west vector: 672 blocks, 12.60 kWh, UTC=2026-10-07T04:45:01.313661+00:00
2026-10-07 04:45:01,557 [INFO] solar_forecast.main: Forecast vectors stored with UTC timestamp
2026-10-07 04:45:01,557 [INFO] solar_forecast.main: Step 2/2: Updating accuracy model...
2026-10-07 04:45:01,858 [INFO] solar_forecast.main: Accuracy model updated: 2 cells
2026-10-07 04:45:01,858 [INFO] solar_forecast.main: Pipeline completed at 2026-10-07T04:45:01.313661+00:00
2026-10-07 05:00:02,127 [INFO] solar_forecast.main: Starting pipeline at 2026-10-07T05:00:02.127155+00:00 UTC
2026-10-07 05:00:02,127 [INFO] solar_forecast.main: Step 1/2: Building forecast vectors...
2026-10-07 05:00:02,228 [WARNING] solar_forecast.sensors.forecast_fetcher: Rolling vector: 29/672 blocks have no sensor data (filled with 0.0)
2026-10-07 05:00:02,278 [WARNING] solar_forecast.sensors.forecast_fetcher: Rolling vector: 29/672 blocks have no sensor data (filled with 0.0)
2026-10-07 05:00:02,333 [INFO] solar_forecast.processing.vector_builder: Stored east vector: 672 blocks, 71.07 kWh, UTC=2026-10-07T05:00:02.127155+00:00
2026-10-07 05:00:02,348 [INFO] solar_forecast.processing.vector_builder: Stored west vector: 672 blocks, 12.41 kWh, UTC=2026-10-07T05:00:02.127155+00:00
2026-10-07 05:00:02,349 [INFO] solar_forecast.main: Forecast vectors stored with UTC timestamp
2026-10-07 05:00:02,349 [INFO] solar_forecast.main: Step 2/2: Updating accuracy model...
2026-10-07 05:00:02,654 [INFO] solar_forecast.main: Accuracy model updated: 2 cells
2026-10-07 05:00:02,654 [INFO] solar_forecast.main: Pipeline completed at 2026-10-07T05:00:02.127155+00:00
2026-10-07 05:15:01,907 [INFO] solar_forecast.main: Starting pipeline at 2026-10-07T05:15:01.907668+00:00 UTC
2026-10-07 05:15:01,908 [INFO] solar_forecast.main: Step 1/2: Building forecast vectors...
2026-10-07 05:15:02,002 [WARNING] solar_forecast.sensors.forecast_fetcher: Rolling vector: 30/672 blocks have no sensor data (filled with 0.0)
2026-10-07 05:15:02,052 [WARNING] solar_forecast.sensors.forecast_fetcher: Rolling vector: 30/672 blocks have no sensor data (filled with 0.0)
2026-10-07 05:15:02,115 [INFO] solar_forecast.processing.vector_builder: Stored east vector: 672 blocks, 71.07 kWh, UTC=2026-10-07T05:15:01.907668+00:00
2026-10-07 05:15:02,132 [INFO] solar_forecast.processing.vector_builder: Stored west vector: 672 blocks, 12.41 kWh, UTC=2026-10-07T05:15:01.907668+00:00
2026-10-07 05:15:02,133 [INFO] solar_forecast.main: Forecast vectors stored with UTC timestamp
2026-10-07 05:15:02,133 [INFO] solar_forecast.main: Step 2/2: Updating accuracy model...
2026-10-07 05:15:02,436 [INFO] solar_forecast.main: Accuracy model updated: 2 cells
2026-10-07 05:15:02,436 [INFO] solar_forecast.main: Pipeline completed at 2026-10-07T05:15:01.907668+00:00
2026-10-07 05:30:01,719 [INFO] solar_forecast.main: Starting pipeline at 2026-10-07T05:30:01.718873+00:00 UTC
2026-10-07 05:30:01,719 [INFO] solar_forecast.main: Step 1/2: Building forecast vectors...
2026-10-07 05:30:01,817 [WARNING] solar_forecast.sensors.forecast_fetcher: Rolling vector: 31/672 blocks have no sensor data (filled with 0.0)
2026-10-07 05:30:01,871 [WARNING] solar_forecast.sensors.forecast_fetcher: Rolling vector: 31/672 blocks have no sensor data (filled with 0.0)
2026-10-07 05:30:01,941 [INFO] solar_forecast.processing.vector_builder: Stored east vector: 672 blocks, 71.07 kWh, UTC=2026-10-07T05:30:01.718873+00:00
2026-10-07 05:30:01,956 [INFO] solar_forecast.processing.vector_builder: Stored west vector: 672 blocks, 12.41 kWh, UTC=2026-10-07T05:30:01.718873+00:00
2026-10-07 05:30:01,957 [INFO] solar_forecast.main: Forecast vectors stored with UTC timestamp
2026-10-07 05:30:01,957 [INFO] solar_forecast.main: Step 2/2: Updating accuracy model...
2026-10-07 05:30:02,235 [INFO] solar_forecast.main: Accuracy model updated: 2 cells
2026-10-07 05:30:02,235 [INFO] solar_forecast.main: Pipeline completed at 2026-10-07T05:30:01.718873+00:00
2026-10-07 05:45:01,513 [INFO] solar_forecast.main: Starting pipeline at 2026-10-07T05:45:01.512933+00:00 UTC
2026-10-07 05:45:01,513 [INFO] solar_forecast.main: Step 1/2: Building forecast vectors...
2026-10-07 05:45:01,616 [WARNING] solar_forecast.sensors.forecast_fetcher: Rolling vector: 32/672 blocks have no sensor data (filled with 0.0)
2026-10-07 05:45:01,685 [WARNING] solar_forecast.sensors.forecast_fetcher: Rolling vector: 32/672 blocks have no sensor data (filled with 0.0)
2026-10-07 05:45:01,750 [INFO] solar_forecast.processing.vector_builder: Stored east vector: 672 blocks, 71.07 kWh, UTC=2026-10-07T05:45:01.512933+00:00
2026-10-07 05:45:01,779 [INFO] solar_forecast.processing.vector_builder: Stored west vector: 672 blocks, 12.41 kWh, UTC=2026-10-07T05:45:01.512933+00:00
2026-10-07 05:45:01,779 [INFO] solar_forecast.main: Forecast vectors stored with UTC timestamp
2026-10-07 05:45:01,780 [INFO] solar_forecast.main: Step 2/2: Updating accuracy model...
2026-10-07 05:45:02,045 [INFO] solar_forecast.main: Accuracy model updated: 2 cells
2026-10-07 05:45:02,045 [INFO] solar_forecast.main: Pipeline completed at 2026-10-07T05:45:01.512933+00:00
2026-10-07 06:00:01,288 [INFO] solar_forecast.main: Starting pipeline at 2026-10-07T06:00:01.288040+00:00 UTC
2026-10-07 06:00:01,288 [INFO] solar_forecast.main: Step 1/2: Building forecast vectors...
2026-10-07 06:00:01,390 [WARNING] solar_forecast.sensors.forecast_fetcher: Rolling vector: 33/672 blocks have no sensor data (filled with 0.0)
2026-10-07 06:00:01,445 [WARNING] solar_forecast.sensors.forecast_fetcher: Rolling vector: 33/672 blocks have no sensor data (filled with 0.0)
2026-10-07 06:00:01,511 [INFO] solar_forecast.processing.vector_builder: Stored east vector: 672 blocks, 72.68 kWh, UTC=2026-10-07T06:00:01.288040+00:00
2026-10-07 06:00:01,527 [INFO] solar_forecast.processing.vector_builder: Stored west vector: 672 blocks, 12.27 kWh, UTC=2026-10-07T06:00:01.288040+00:00
2026-10-07 06:00:01,528 [INFO] solar_forecast.main: Forecast vectors stored with UTC timestamp
2026-10-07 06:00:01,528 [INFO] solar_forecast.main: Step 2/2: Updating accuracy model...
2026-10-07 06:00:01,782 [INFO] solar_forecast.main: Accuracy model updated: 2 cells
2026-10-07 06:00:01,783 [INFO] solar_forecast.main: Pipeline completed at 2026-10-07T06:00:01.288040+00:00
2026-10-07 06:15:02,028 [INFO] solar_forecast.main: Starting pipeline at 2026-10-07T06:15:02.028407+00:00 UTC
2026-10-07 06:15:02,028 [INFO] solar_forecast.main: Step 1/2: Building forecast vectors...
2026-10-07 06:15:02,125 [WARNING] solar_forecast.sensors.forecast_fetcher: Rolling vector: 34/672 blocks have no sensor data (filled with 0.0)
2026-10-07 06:15:02,174 [WARNING] solar_forecast.sensors.forecast_fetcher: Rolling vector: 34/672 blocks have no sensor data (filled with 0.0)
2026-10-07 06:15:02,228 [INFO] solar_forecast.processing.vector_builder: Stored east vector: 672 blocks, 72.54 kWh, UTC=2026-10-07T06:15:02.028407+00:00
2026-10-07 06:15:02,240 [INFO] solar_forecast.processing.vector_builder: Stored west vector: 672 blocks, 12.26 kWh, UTC=2026-10-07T06:15:02.028407+00:00
2026-10-07 06:15:02,241 [INFO] solar_forecast.main: Forecast vectors stored with UTC timestamp
2026-10-07 06:15:02,241 [INFO] solar_forecast.main: Step 2/2: Updating accuracy model...
2026-10-07 06:15:03,872 [INFO] solar_forecast.main: Accuracy model updated: 16 cells
2026-10-07 06:15:03,872 [INFO] solar_forecast.main: Pipeline completed at 2026-10-07T06:15:02.028407+00:00
2026-10-07 06:30:02,130 [INFO] solar_forecast.main: Starting pipeline at 2026-10-07T06:30:02.129857+00:00 UTC
2026-10-07 06:30:02,130 [INFO] solar_forecast.main: Step 1/2: Building forecast vectors...
2026-10-07 06:30:02,232 [WARNING] solar_forecast.sensors.forecast_fetcher: Rolling vector: 35/672 blocks have no sensor data (filled with 0.0)
2026-10-07 06:30:02,284 [WARNING] solar_forecast.sensors.forecast_fetcher: Rolling vector: 35/672 blocks have no sensor data (filled with 0.0)
2026-10-07 06:30:02,336 [INFO] solar_forecast.processing.vector_builder: Stored east vector: 672 blocks, 72.40 kWh, UTC=2026-10-07T06:30:02.129857+00:00
2026-10-07 06:30:02,351 [INFO] solar_forecast.processing.vector_builder: Stored west vector: 672 blocks, 12.24 kWh, UTC=2026-10-07T06:30:02.129857+00:00
2026-10-07 06:30:02,352 [INFO] solar_forecast.main: Forecast vectors stored with UTC timestamp
2026-10-07 06:30:02,352 [INFO] solar_forecast.main: Step 2/2: Updating accuracy model...
2026-10-07 06:30:03,992 [INFO] solar_forecast.main: Accuracy model updated: 16 cells
2026-10-07 06:30:03,993 [INFO] solar_forecast.main: Pipeline completed at 2026-10-07T06:30:02.129857+00:00
2026-10-07 06:45:01,294 [INFO] solar_forecast.main: Starting pipeline at 2026-10-07T06:45:01.294618+00:00 UTC
2026-10-07 06:45:01,295 [INFO] solar_forecast.main: Step 1/2: Building forecast vectors...
2026-10-07 06:45:01,399 [WARNING] solar_forecast.sensors.forecast_fetcher: Rolling vector: 36/672 blocks have no sensor data (filled with 0.0)
2026-10-07 06:45:01,468 [WARNING] solar_forecast.sensors.forecast_fetcher: Rolling vector: 36/672 blocks have no sensor data (filled with 0.0)
2026-10-07 06:45:01,559 [INFO] solar_forecast.processing.vector_builder: Stored east vector: 672 blocks, 72.26 kWh, UTC=2026-10-07T06:45:01.294618+00:00
2026-10-07 06:45:01,581 [INFO] solar_forecast.processing.vector_builder: Stored west vector: 672 blocks, 12.23 kWh, UTC=2026-10-07T06:45:01.294618+00:00
2026-10-07 06:45:01,582 [INFO] solar_forecast.main: Forecast vectors stored with UTC timestamp
2026-10-07 06:45:01,582 [INFO] solar_forecast.main: Step 2/2: Updating accuracy model...
2026-10-07 06:45:03,101 [INFO] solar_forecast.main: Accuracy model updated: 16 cells
2026-10-07 06:45:03,101 [INFO] solar_forecast.main: Pipeline completed at 2026-10-07T06:45:01.294618+00:00
2026-10-07 07:00:01,358 [INFO] solar_forecast.main: Starting pipeline at 2026-10-07T07:00:01.358185+00:00 UTC
2026-10-07 07:00:01,358 [INFO] solar_forecast.main: Step 1/2: Building forecast vectors...
2026-10-07 07:00:01,584 [INFO] solar_forecast.processing.vector_builder: Stored east vector: 672 blocks, 79.68 kWh, UTC=2026-10-07T07:00:01.358185+00:00
2026-10-07 07:00:01,596 [INFO] solar_forecast.processing.vector_builder: Stored west vector: 672 blocks, 11.48 kWh, UTC=2026-10-07T07:00:01.358185+00:00
2026-10-07 07:00:01,597 [INFO] solar_forecast.main: Forecast vectors stored with UTC timestamp
2026-10-07 07:00:01,597 [INFO] solar_forecast.main: Step 2/2: Updating accuracy model...
2026-10-07 07:00:03,380 [INFO] solar_forecast.main: Accuracy model updated: 16 cells
2026-10-07 07:00:03,381 [INFO] solar_forecast.main: Pipeline completed at 2026-10-07T07:00:01.358185+00:00
2026-10-07 07:15:01,648 [INFO] solar_forecast.main: Starting pipeline at 2026-10-07T07:15:01.647938+00:00 UTC
2026-10-07 07:15:01,648 [INFO] solar_forecast.main: Step 1/2: Building forecast vectors...
2026-10-07 07:15:02,054 [INFO] solar_forecast.processing.vector_builder: Stored east vector: 672 blocks, 79.64 kWh, UTC=2026-10-07T07:15:01.647938+00:00
2026-10-07 07:15:02,181 [INFO] solar_forecast.processing.vector_builder: Stored west vector: 672 blocks, 11.47 kWh, UTC=2026-10-07T07:15:01.647938+00:00
2026-10-07 07:15:02,185 [INFO] solar_forecast.main: Forecast vectors stored with UTC timestamp
2026-10-07 07:15:02,185 [INFO] solar_forecast.main: Step 2/2: Updating accuracy model...
2026-10-07 07:15:04,030 [INFO] solar_forecast.main: Accuracy model updated: 16 cells
2026-10-07 07:15:04,030 [INFO] solar_forecast.main: Pipeline completed at 2026-10-07T07:15:01.647938+00:00
2026-10-07 07:30:01,301 [INFO] solar_forecast.main: Starting pipeline at 2026-10-07T07:30:01.301271+00:00 UTC
2026-10-07 07:30:01,301 [INFO] solar_forecast.main: Step 1/2: Building forecast vectors...
2026-10-07 07:30:01,510 [INFO] solar_forecast.processing.vector_builder: Stored east vector: 672 blocks, 79.59 kWh, UTC=2026-10-07T07:30:01.301271+00:00
2026-10-07 07:30:01,523 [INFO] solar_forecast.processing.vector_builder: Stored west vector: 672 blocks, 11.46 kWh, UTC=2026-10-07T07:30:01.301271+00:00
2026-10-07 07:30:01,523 [INFO] solar_forecast.main: Forecast vectors stored with UTC timestamp
2026-10-07 07:30:01,524 [INFO] solar_forecast.main: Step 2/2: Updating accuracy model...
2026-10-07 07:30:03,054 [INFO] solar_forecast.main: Accuracy model updated: 16 cells
2026-10-07 07:30:03,054 [INFO] solar_forecast.main: Pipeline completed at 2026-10-07T07:30:01.301271+00:00
2026-10-07 07:45:01,306 [INFO] solar_forecast.main: Starting pipeline at 2026-10-07T07:45:01.306554+00:00 UTC
2026-10-07 07:45:01,307 [INFO] solar_forecast.main: Step 1/2: Building forecast vectors...
2026-10-07 07:45:01,525 [INFO] solar_forecast.processing.vector_builder: Stored east vector: 672 blocks, 79.55 kWh, UTC=2026-10-07T07:45:01.306554+00:00
2026-10-07 07:45:01,540 [INFO] solar_forecast.processing.vector_builder: Stored west vector: 672 blocks, 11.45 kWh, UTC=2026-10-07T07:45:01.306554+00:00
2026-10-07 07:45:01,540 [INFO] solar_forecast.main: Forecast vectors stored with UTC timestamp
2026-10-07 07:45:01,541 [INFO] solar_forecast.main: Step 2/2: Updating accuracy model...
2026-10-07 07:45:03,040 [INFO] solar_forecast.main: Accuracy model updated: 16 cells
2026-10-07 07:45:03,041 [INFO] solar_forecast.main: Pipeline completed at 2026-10-07T07:45:01.306554+00:00
2026-10-07 08:00:01,282 [INFO] solar_forecast.main: Starting pipeline at 2026-10-07T08:00:01.282472+00:00 UTC
2026-10-07 08:00:01,282 [INFO] solar_forecast.main: Step 1/2: Building forecast vectors...
2026-10-07 08:00:01,503 [INFO] solar_forecast.processing.vector_builder: Stored east vector: 672 blocks, 72.88 kWh, UTC=2026-10-07T08:00:01.282472+00:00
2026-10-07 08:00:01,516 [INFO] solar_forecast.processing.vector_builder: Stored west vector: 672 blocks, 11.15 kWh, UTC=2026-10-07T08:00:01.282472+00:00
2026-10-07 08:00:01,517 [INFO] solar_forecast.main: Forecast vectors stored with UTC timestamp
2026-10-07 08:00:01,518 [INFO] solar_forecast.main: Step 2/2: Updating accuracy model...
2026-10-07 08:00:03,045 [INFO] solar_forecast.main: Accuracy model updated: 16 cells
2026-10-07 08:00:03,046 [INFO] solar_forecast.main: Pipeline completed at 2026-10-07T08:00:01.282472+00:00
2026-10-07 08:15:01,280 [INFO] solar_forecast.main: Starting pipeline at 2026-10-07T08:15:01.279915+00:00 UTC
2026-10-07 08:15:01,280 [INFO] solar_forecast.main: Step 1/2: Building forecast vectors...
2026-10-07 08:15:01,484 [INFO] solar_forecast.processing.vector_builder: Stored east vector: 672 blocks, 72.65 kWh, UTC=2026-10-07T08:15:01.279915+00:00
2026-10-07 08:15:01,497 [INFO] solar_forecast.processing.vector_builder: Stored west vector: 672 blocks, 11.14 kWh, UTC=2026-10-07T08:15:01.279915+00:00
2026-10-07 08:15:01,497 [INFO] solar_forecast.main: Forecast vectors stored with UTC timestamp
2026-10-07 08:15:01,498 [INFO] solar_forecast.main: Step 2/2: Updating accuracy model...
2026-10-07 08:15:02,987 [INFO] solar_forecast.main: Accuracy model updated: 16 cells
2026-10-07 08:15:02,988 [INFO] solar_forecast.main: Pipeline completed at 2026-10-07T08:15:01.279915+00:00
2026-10-07 08:30:01,252 [INFO] solar_forecast.main: Starting pipeline at 2026-10-07T08:30:01.252682+00:00 UTC
2026-10-07 08:30:01,253 [INFO] solar_forecast.main: Step 1/2: Building forecast vectors...
2026-10-07 08:30:01,466 [INFO] solar_forecast.processing.vector_builder: Stored east vector: 672 blocks, 72.43 kWh, UTC=2026-10-07T08:30:01.252682+00:00
2026-10-07 08:30:01,479 [INFO] solar_forecast.processing.vector_builder: Stored west vector: 672 blocks, 11.13 kWh, UTC=2026-10-07T08:30:01.252682+00:00
2026-10-07 08:30:01,480 [INFO] solar_forecast.main: Forecast vectors stored with UTC timestamp
2026-10-07 08:30:01,480 [INFO] solar_forecast.main: Step 2/2: Updating accuracy model...
2026-10-07 08:30:03,048 [INFO] solar_forecast.main: Accuracy model updated: 16 cells
2026-10-07 08:30:03,048 [INFO] solar_forecast.main: Pipeline completed at 2026-10-07T08:30:01.252682+00:00
2026-10-07 08:45:01,303 [INFO] solar_forecast.main: Starting pipeline at 2026-10-07T08:45:01.303312+00:00 UTC
2026-10-07 08:45:01,303 [INFO] solar_forecast.main: Step 1/2: Building forecast vectors...
2026-10-07 08:45:01,498 [INFO] solar_forecast.processing.vector_builder: Stored east vector: 672 blocks, 72.20 kWh, UTC=2026-10-07T08:45:01.303312+00:00
2026-10-07 08:45:01,510 [INFO] solar_forecast.processing.vector_builder: Stored west vector: 672 blocks, 11.12 kWh, UTC=2026-10-07T08:45:01.303312+00:00
2026-10-07 08:45:01,511 [INFO] solar_forecast.main: Forecast vectors stored with UTC timestamp
2026-10-07 08:45:01,511 [INFO] solar_forecast.main: Step 2/2: Updating accuracy model...
2026-10-07 08:45:03,052 [INFO] solar_forecast.main: Accuracy model updated: 16 cells
2026-10-07 08:45:03,053 [INFO] solar_forecast.main: Pipeline completed at 2026-10-07T08:45:01.303312+00:00
2026-10-07 09:00:01,320 [INFO] solar_forecast.main: Starting pipeline at 2026-10-07T09:00:01.320071+00:00 UTC
2026-10-07 09:00:01,320 [INFO] solar_forecast.main: Step 1/2: Building forecast vectors...
2026-10-07 09:00:01,552 [INFO] solar_forecast.processing.vector_builder: Stored east vector: 672 blocks, 76.42 kWh, UTC=2026-10-07T09:00:01.320071+00:00
2026-10-07 09:00:01,580 [INFO] solar_forecast.processing.vector_builder: Stored west vector: 672 blocks, 11.51 kWh, UTC=2026-10-07T09:00:01.320071+00:00
2026-10-07 09:00:01,583 [INFO] solar_forecast.main: Forecast vectors stored with UTC timestamp
2026-10-07 09:00:01,583 [INFO] solar_forecast.main: Step 2/2: Updating accuracy model...
2026-10-07 09:00:03,125 [INFO] solar_forecast.main: Accuracy model updated: 16 cells
2026-10-07 09:00:03,126 [INFO] solar_forecast.main: Pipeline completed at 2026-10-07T09:00:01.320071+00:00
2026-10-07 09:15:01,375 [INFO] solar_forecast.main: Starting pipeline at 2026-10-07T09:15:01.375464+00:00 UTC
2026-10-07 09:15:01,375 [INFO] solar_forecast.main: Step 1/2: Building forecast vectors...
2026-10-07 09:15:01,585 [INFO] solar_forecast.processing.vector_builder: Stored east vector: 672 blocks, 75.98 kWh, UTC=2026-10-07T09:15:01.375464+00:00
2026-10-07 09:15:01,596 [INFO] solar_forecast.processing.vector_builder: Stored west vector: 672 blocks, 11.51 kWh, UTC=2026-10-07T09:15:01.375464+00:00
2026-10-07 09:15:01,600 [INFO] solar_forecast.main: Forecast vectors stored with UTC timestamp
2026-10-07 09:15:01,600 [INFO] solar_forecast.main: Step 2/2: Updating accuracy model...
2026-10-07 09:15:03,175 [INFO] solar_forecast.main: Accuracy model updated: 16 cells
2026-10-07 09:15:03,176 [INFO] solar_forecast.main: Pipeline completed at 2026-10-07T09:15:01.375464+00:00
2026-10-07 09:30:01,418 [INFO] solar_forecast.main: Starting pipeline at 2026-10-07T09:30:01.417906+00:00 UTC
2026-10-07 09:30:01,418 [INFO] solar_forecast.main: Step 1/2: Building forecast vectors...
2026-10-07 09:30:01,618 [INFO] solar_forecast.processing.vector_builder: Stored east vector: 672 blocks, 75.54 kWh, UTC=2026-10-07T09:30:01.417906+00:00
2026-10-07 09:30:01,638 [INFO] solar_forecast.processing.vector_builder: Stored west vector: 672 blocks, 11.51 kWh, UTC=2026-10-07T09:30:01.417906+00:00
2026-10-07 09:30:01,639 [INFO] solar_forecast.main: Forecast vectors stored with UTC timestamp
2026-10-07 09:30:01,639 [INFO] solar_forecast.main: Step 2/2: Updating accuracy model...
2026-10-07 09:30:03,200 [INFO] solar_forecast.main: Accuracy model updated: 16 cells
2026-10-07 09:30:03,201 [INFO] solar_forecast.main: Pipeline completed at 2026-10-07T09:30:01.417906+00:00
2026-10-07 09:45:01,488 [INFO] solar_forecast.main: Starting pipeline at 2026-10-07T09:45:01.488550+00:00 UTC
2026-10-07 09:45:01,489 [INFO] solar_forecast.main: Step 1/2: Building forecast vectors...
2026-10-07 09:45:01,689 [INFO] solar_forecast.processing.vector_builder: Stored east vector: 672 blocks, 75.09 kWh, UTC=2026-10-07T09:45:01.488550+00:00
2026-10-07 09:45:01,701 [INFO] solar_forecast.processing.vector_builder: Stored west vector: 672 blocks, 11.51 kWh, UTC=2026-10-07T09:45:01.488550+00:00
2026-10-07 09:45:01,702 [INFO] solar_forecast.main: Forecast vectors stored with UTC timestamp
2026-10-07 09:45:01,702 [INFO] solar_forecast.main: Step 2/2: Updating accuracy model...
2026-10-07 09:45:03,215 [INFO] solar_forecast.main: Accuracy model updated: 16 cells
2026-10-07 09:45:03,215 [INFO] solar_forecast.main: Pipeline completed at 2026-10-07T09:45:01.488550+00:00
2026-10-07 10:00:01,480 [INFO] solar_forecast.main: Starting pipeline at 2026-10-07T10:00:01.480327+00:00 UTC
2026-10-07 10:00:01,480 [INFO] solar_forecast.main: Step 1/2: Building forecast vectors...
2026-10-07 10:00:01,690 [INFO] solar_forecast.processing.vector_builder: Stored east vector: 672 blocks, 72.70 kWh, UTC=2026-10-07T10:00:01.480327+00:00
2026-10-07 10:00:01,703 [INFO] solar_forecast.processing.vector_builder: Stored west vector: 672 blocks, 11.34 kWh, UTC=2026-10-07T10:00:01.480327+00:00
2026-10-07 10:00:01,704 [INFO] solar_forecast.main: Forecast vectors stored with UTC timestamp
2026-10-07 10:00:01,704 [INFO] solar_forecast.main: Step 2/2: Updating accuracy model...
2026-10-07 10:00:03,288 [INFO] solar_forecast.main: Accuracy model updated: 16 cells
2026-10-07 10:00:03,288 [INFO] solar_forecast.main: Pipeline completed at 2026-10-07T10:00:01.480327+00:00
2026-10-07 10:15:01,539 [INFO] solar_forecast.main: Starting pipeline at 2026-10-07T10:15:01.539422+00:00 UTC
2026-10-07 10:15:01,539 [INFO] solar_forecast.main: Step 1/2: Building forecast vectors...
2026-10-07 10:15:01,749 [INFO] solar_forecast.processing.vector_builder: Stored east vector: 672 blocks, 72.25 kWh, UTC=2026-10-07T10:15:01.539422+00:00
2026-10-07 10:15:01,761 [INFO] solar_forecast.processing.vector_builder: Stored west vector: 672 blocks, 11.34 kWh, UTC=2026-10-07T10:15:01.539422+00:00
2026-10-07 10:15:01,762 [INFO] solar_forecast.main: Forecast vectors stored with UTC timestamp
2026-10-07 10:15:01,762 [INFO] solar_forecast.main: Step 2/2: Updating accuracy model...
2026-10-07 10:15:03,318 [INFO] solar_forecast.main: Accuracy model updated: 16 cells
2026-10-07 10:15:03,318 [INFO] solar_forecast.main: Pipeline completed at 2026-10-07T10:15:01.539422+00:00
2026-10-07 10:30:01,578 [INFO] solar_forecast.main: Starting pipeline at 2026-10-07T10:30:01.578132+00:00 UTC
2026-10-07 10:30:01,578 [INFO] solar_forecast.main: Step 1/2: Building forecast vectors...
2026-10-07 10:30:01,788 [INFO] solar_forecast.processing.vector_builder: Stored east vector: 672 blocks, 71.81 kWh, UTC=2026-10-07T10:30:01.578132+00:00
2026-10-07 10:30:01,801 [INFO] solar_forecast.processing.vector_builder: Stored west vector: 672 blocks, 11.35 kWh, UTC=2026-10-07T10:30:01.578132+00:00
2026-10-07 10:30:01,802 [INFO] solar_forecast.main: Forecast vectors stored with UTC timestamp
2026-10-07 10:30:01,802 [INFO] solar_forecast.main: Step 2/2: Updating accuracy model...
2026-10-07 10:30:03,450 [INFO] solar_forecast.main: Accuracy model updated: 16 cells
2026-10-07 10:30:03,450 [INFO] solar_forecast.main: Pipeline completed at 2026-10-07T10:30:01.578132+00:00
2026-10-07 10:45:01,728 [INFO] solar_forecast.main: Starting pipeline at 2026-10-07T10:45:01.728238+00:00 UTC
2026-10-07 10:45:01,728 [INFO] solar_forecast.main: Step 1/2: Building forecast vectors...
2026-10-07 10:45:01,925 [INFO] solar_forecast.processing.vector_builder: Stored east vector: 672 blocks, 71.36 kWh, UTC=2026-10-07T10:45:01.728238+00:00
2026-10-07 10:45:01,936 [INFO] solar_forecast.processing.vector_builder: Stored west vector: 672 blocks, 11.35 kWh, UTC=2026-10-07T10:45:01.728238+00:00
2026-10-07 10:45:01,936 [INFO] solar_forecast.main: Forecast vectors stored with UTC timestamp
2026-10-07 10:45:01,936 [INFO] solar_forecast.main: Step 2/2: Updating accuracy model...
2026-10-07 10:45:04,019 [INFO] solar_forecast.main: Accuracy model updated: 16 cells
2026-10-07 10:45:04,020 [INFO] solar_forecast.main: Pipeline completed at 2026-10-07T10:45:01.728238+00:00
2026-10-07 11:00:01,277 [INFO] solar_forecast.main: Starting pipeline at 2026-10-07T11:00:01.277805+00:00 UTC
2026-10-07 11:00:01,278 [INFO] solar_forecast.main: Step 1/2: Building forecast vectors...
2026-10-07 11:00:01,522 [INFO] solar_forecast.processing.vector_builder: Stored east vector: 672 blocks, 69.33 kWh, UTC=2026-10-07T11:00:01.277805+00:00
2026-10-07 11:00:01,534 [INFO] solar_forecast.processing.vector_builder: Stored west vector: 672 blocks, 11.19 kWh, UTC=2026-10-07T11:00:01.277805+00:00
2026-10-07 11:00:01,535 [INFO] solar_forecast.main: Forecast vectors stored with UTC timestamp
2026-10-07 11:00:01,535 [INFO] solar_forecast.main: Step 2/2: Updating accuracy model...
2026-10-07 11:00:03,180 [INFO] solar_forecast.main: Accuracy model updated: 16 cells
2026-10-07 11:00:03,180 [INFO] solar_forecast.main: Pipeline completed at 2026-10-07T11:00:01.277805+00:00
2026-10-07 11:15:01,434 [INFO] solar_forecast.main: Starting pipeline at 2026-10-07T11:15:01.434439+00:00 UTC
2026-10-07 11:15:01,434 [INFO] solar_forecast.main: Step 1/2: Building forecast vectors...
2026-10-07 11:15:01,649 [INFO] solar_forecast.processing.vector_builder: Stored east vector: 672 blocks, 68.94 kWh, UTC=2026-10-07T11:15:01.434439+00:00
2026-10-07 11:15:01,660 [INFO] solar_forecast.processing.vector_builder: Stored west vector: 672 blocks, 11.20 kWh, UTC=2026-10-07T11:15:01.434439+00:00
2026-10-07 11:15:01,660 [INFO] solar_forecast.main: Forecast vectors stored with UTC timestamp
2026-10-07 11:15:01,661 [INFO] solar_forecast.main: Step 2/2: Updating accuracy model...
2026-10-07 11:15:03,239 [INFO] solar_forecast.main: Accuracy model updated: 16 cells
2026-10-07 11:15:03,239 [INFO] solar_forecast.main: Pipeline completed at 2026-10-07T11:15:01.434439+00:00
2026-10-07 11:30:01,513 [INFO] solar_forecast.main: Starting pipeline at 2026-10-07T11:30:01.513335+00:00 UTC
2026-10-07 11:30:01,513 [INFO] solar_forecast.main: Step 1/2: Building forecast vectors...
2026-10-07 11:30:01,722 [INFO] solar_forecast.processing.vector_builder: Stored east vector: 672 blocks, 68.54 kWh, UTC=2026-10-07T11:30:01.513335+00:00
2026-10-07 11:30:01,733 [INFO] solar_forecast.processing.vector_builder: Stored west vector: 672 blocks, 11.20 kWh, UTC=2026-10-07T11:30:01.513335+00:00
2026-10-07 11:30:01,734 [INFO] solar_forecast.main: Forecast vectors stored with UTC timestamp
2026-10-07 11:30:01,734 [INFO] solar_forecast.main: Step 2/2: Updating accuracy model...
2026-10-07 11:30:03,420 [INFO] solar_forecast.main: Accuracy model updated: 16 cells
2026-10-07 11:30:03,420 [INFO] solar_forecast.main: Pipeline completed at 2026-10-07T11:30:01.513335+00:00
2026-10-07 11:45:01,695 [INFO] solar_forecast.main: Starting pipeline at 2026-10-07T11:45:01.695073+00:00 UTC
2026-10-07 11:45:01,695 [INFO] solar_forecast.main: Step 1/2: Building forecast vectors...
2026-10-07 11:45:01,897 [INFO] solar_forecast.processing.vector_builder: Stored east vector: 672 blocks, 68.15 kWh, UTC=2026-10-07T11:45:01.695073+00:00
2026-10-07 11:45:01,910 [INFO] solar_forecast.processing.vector_builder: Stored west vector: 672 blocks, 11.21 kWh, UTC=2026-10-07T11:45:01.695073+00:00
2026-10-07 11:45:01,911 [INFO] solar_forecast.main: Forecast vectors stored with UTC timestamp
2026-10-07 11:45:01,911 [INFO] solar_forecast.main: Step 2/2: Updating accuracy model...
2026-10-07 11:45:03,505 [INFO] solar_forecast.main: Accuracy model updated: 16 cells
2026-10-07 11:45:03,506 [INFO] solar_forecast.main: Pipeline completed at 2026-10-07T11:45:01.695073+00:00
2026-10-07 12:00:01,744 [INFO] solar_forecast.main: Starting pipeline at 2026-10-07T12:00:01.744667+00:00 UTC
2026-10-07 12:00:01,745 [INFO] solar_forecast.main: Step 1/2: Building forecast vectors...
2026-10-07 12:00:01,948 [INFO] solar_forecast.processing.vector_builder: Stored east vector: 672 blocks, 69.70 kWh, UTC=2026-10-07T12:00:01.744667+00:00
2026-10-07 12:00:01,962 [INFO] solar_forecast.processing.vector_builder: Stored west vector: 672 blocks, 11.49 kWh, UTC=2026-10-07T12:00:01.744667+00:00
2026-10-07 12:00:01,962 [INFO] solar_forecast.main: Forecast vectors stored with UTC timestamp
2026-10-07 12:00:01,962 [INFO] solar_forecast.main: Step 2/2: Updating accuracy model...
2026-10-07 12:00:03,576 [INFO] solar_forecast.main: Accuracy model updated: 16 cells
2026-10-07 12:00:03,576 [INFO] solar_forecast.main: Pipeline completed at 2026-10-07T12:00:01.744667+00:00
2026-10-07 12:15:01,819 [INFO] solar_forecast.main: Starting pipeline at 2026-10-07T12:15:01.819680+00:00 UTC
2026-10-07 12:15:01,820 [INFO] solar_forecast.main: Step 1/2: Building forecast vectors...
2026-10-07 12:15:02,025 [INFO] solar_forecast.processing.vector_builder: Stored east vector: 672 blocks, 69.39 kWh, UTC=2026-10-07T12:15:01.819680+00:00
2026-10-07 12:15:02,045 [INFO] solar_forecast.processing.vector_builder: Stored west vector: 672 blocks, 11.48 kWh, UTC=2026-10-07T12:15:01.819680+00:00
2026-10-07 12:15:02,046 [INFO] solar_forecast.main: Forecast vectors stored with UTC timestamp
2026-10-07 12:15:02,046 [INFO] solar_forecast.main: Step 2/2: Updating accuracy model...
2026-10-07 12:15:03,695 [INFO] solar_forecast.main: Accuracy model updated: 16 cells
2026-10-07 12:15:03,695 [INFO] solar_forecast.main: Pipeline completed at 2026-10-07T12:15:01.819680+00:00
2026-10-07 12:30:01,941 [INFO] solar_forecast.main: Starting pipeline at 2026-10-07T12:30:01.940996+00:00 UTC
2026-10-07 12:30:01,941 [INFO] solar_forecast.main: Step 1/2: Building forecast vectors...
2026-10-07 12:30:02,169 [INFO] solar_forecast.processing.vector_builder: Stored east vector: 672 blocks, 69.99 kWh, UTC=2026-10-07T12:30:01.940996+00:00
2026-10-07 12:30:02,182 [INFO] solar_forecast.processing.vector_builder: Stored west vector: 672 blocks, 12.12 kWh, UTC=2026-10-07T12:30:01.940996+00:00
2026-10-07 12:30:02,183 [INFO] solar_forecast.main: Forecast vectors stored with UTC timestamp
2026-10-07 12:30:02,183 [INFO] solar_forecast.main: Step 2/2: Updating accuracy model...
2026-10-07 12:30:03,863 [INFO] solar_forecast.main: Accuracy model updated: 16 cells
2026-10-07 12:30:03,864 [INFO] solar_forecast.main: Pipeline completed at 2026-10-07T12:30:01.940996+00:00
2026-10-07 12:45:02,130 [INFO] solar_forecast.main: Starting pipeline at 2026-10-07T12:45:02.130044+00:00 UTC
2026-10-07 12:45:02,130 [INFO] solar_forecast.main: Step 1/2: Building forecast vectors...
2026-10-07 12:45:02,343 [INFO] solar_forecast.processing.vector_builder: Stored east vector: 672 blocks, 69.68 kWh, UTC=2026-10-07T12:45:02.130044+00:00
2026-10-07 12:45:02,356 [INFO] solar_forecast.processing.vector_builder: Stored west vector: 672 blocks, 12.11 kWh, UTC=2026-10-07T12:45:02.130044+00:00
2026-10-07 12:45:02,360 [INFO] solar_forecast.main: Forecast vectors stored with UTC timestamp
2026-10-07 12:45:02,360 [INFO] solar_forecast.main: Step 2/2: Updating accuracy model...
2026-10-07 12:45:04,031 [INFO] solar_forecast.main: Accuracy model updated: 16 cells
2026-10-07 12:45:04,031 [INFO] solar_forecast.main: Pipeline completed at 2026-10-07T12:45:02.130044+00:00
2026-10-07 13:00:01,275 [INFO] solar_forecast.main: Starting pipeline at 2026-10-07T13:00:01.274868+00:00 UTC
2026-10-07 13:00:01,275 [INFO] solar_forecast.main: Step 1/2: Building forecast vectors...
2026-10-07 13:00:01,503 [INFO] solar_forecast.processing.vector_builder: Stored east vector: 672 blocks, 70.03 kWh, UTC=2026-10-07T13:00:01.274868+00:00
2026-10-07 13:00:01,516 [INFO] solar_forecast.processing.vector_builder: Stored west vector: 672 blocks, 12.09 kWh, UTC=2026-10-07T13:00:01.274868+00:00
2026-10-07 13:00:01,516 [INFO] solar_forecast.main: Forecast vectors stored with UTC timestamp
2026-10-07 13:00:01,517 [INFO] solar_forecast.main: Step 2/2: Updating accuracy model...
2026-10-07 13:00:03,130 [INFO] solar_forecast.main: Accuracy model updated: 16 cells
2026-10-07 13:00:03,130 [INFO] solar_forecast.main: Pipeline completed at 2026-10-07T13:00:01.274868+00:00
2026-10-07 13:15:01,379 [INFO] solar_forecast.main: Starting pipeline at 2026-10-07T13:15:01.379446+00:00 UTC
2026-10-07 13:15:01,379 [INFO] solar_forecast.main: Step 1/2: Building forecast vectors...
2026-10-07 13:15:01,587 [INFO] solar_forecast.processing.vector_builder: Stored east vector: 672 blocks, 69.92 kWh, UTC=2026-10-07T13:15:01.379446+00:00
2026-10-07 13:15:01,603 [INFO] solar_forecast.processing.vector_builder: Stored west vector: 672 blocks, 12.07 kWh, UTC=2026-10-07T13:15:01.379446+00:00
2026-10-07 13:15:01,604 [INFO] solar_forecast.main: Forecast vectors stored with UTC timestamp
2026-10-07 13:15:01,604 [INFO] solar_forecast.main: Step 2/2: Updating accuracy model...
2026-10-07 13:15:03,159 [INFO] solar_forecast.main: Accuracy model updated: 16 cells
2026-10-07 13:15:03,160 [INFO] solar_forecast.main: Pipeline completed at 2026-10-07T13:15:01.379446+00:00
2026-10-07 13:30:01,467 [INFO] solar_forecast.main: Starting pipeline at 2026-10-07T13:30:01.467312+00:00 UTC
2026-10-07 13:30:01,467 [INFO] solar_forecast.main: Step 1/2: Building forecast vectors...
2026-10-07 13:30:01,678 [INFO] solar_forecast.processing.vector_builder: Stored east vector: 672 blocks, 69.81 kWh, UTC=2026-10-07T13:30:01.467312+00:00
2026-10-07 13:30:01,691 [INFO] solar_forecast.processing.vector_builder: Stored west vector: 672 blocks, 12.05 kWh, UTC=2026-10-07T13:30:01.467312+00:00
2026-10-07 13:30:01,692 [INFO] solar_forecast.main: Forecast vectors stored with UTC timestamp
2026-10-07 13:30:01,692 [INFO] solar_forecast.main: Step 2/2: Updating accuracy model...
2026-10-07 13:30:03,322 [INFO] solar_forecast.main: Accuracy model updated: 16 cells
2026-10-07 13:30:03,323 [INFO] solar_forecast.main: Pipeline completed at 2026-10-07T13:30:01.467312+00:00
2026-10-07 13:45:01,589 [INFO] solar_forecast.main: Starting pipeline at 2026-10-07T13:45:01.589381+00:00 UTC
2026-10-07 13:45:01,589 [INFO] solar_forecast.main: Step 1/2: Building forecast vectors...
2026-10-07 13:45:01,794 [INFO] solar_forecast.processing.vector_builder: Stored east vector: 672 blocks, 69.69 kWh, UTC=2026-10-07T13:45:01.589381+00:00
2026-10-07 13:45:01,811 [INFO] solar_forecast.processing.vector_builder: Stored west vector: 672 blocks, 12.03 kWh, UTC=2026-10-07T13:45:01.589381+00:00
2026-10-07 13:45:01,812 [INFO] solar_forecast.main: Forecast vectors stored with UTC timestamp
2026-10-07 13:45:01,812 [INFO] solar_forecast.main: Step 2/2: Updating accuracy model...
2026-10-07 13:45:03,388 [INFO] solar_forecast.main: Accuracy model updated: 16 cells
2026-10-07 13:45:03,389 [INFO] solar_forecast.main: Pipeline completed at 2026-10-07T13:45:01.589381+00:00
2026-10-07 14:00:01,666 [INFO] solar_forecast.main: Starting pipeline at 2026-10-07T14:00:01.666384+00:00 UTC
2026-10-07 14:00:01,666 [INFO] solar_forecast.main: Step 1/2: Building forecast vectors...
2026-10-07 14:00:01,876 [INFO] solar_forecast.processing.vector_builder: Stored east vector: 672 blocks, 74.71 kWh, UTC=2026-10-07T14:00:01.666384+00:00
2026-10-07 14:00:01,892 [INFO] solar_forecast.processing.vector_builder: Stored west vector: 672 blocks, 12.25 kWh, UTC=2026-10-07T14:00:01.666384+00:00
2026-10-07 14:00:01,895 [INFO] solar_forecast.main: Forecast vectors stored with UTC timestamp
2026-10-07 14:00:01,895 [INFO] solar_forecast.main: Step 2/2: Updating accuracy model...
2026-10-07 14:00:03,603 [INFO] solar_forecast.main: Accuracy model updated: 16 cells
2026-10-07 14:00:03,603 [INFO] solar_forecast.main: Pipeline completed at 2026-10-07T14:00:01.666384+00:00
2026-10-07 14:15:01,839 [INFO] solar_forecast.main: Starting pipeline at 2026-10-07T14:15:01.839547+00:00 UTC
2026-10-07 14:15:01,839 [INFO] solar_forecast.main: Step 1/2: Building forecast vectors...
2026-10-07 14:15:02,041 [INFO] solar_forecast.processing.vector_builder: Stored east vector: 672 blocks, 74.66 kWh, UTC=2026-10-07T14:15:01.839547+00:00
2026-10-07 14:15:02,053 [INFO] solar_forecast.processing.vector_builder: Stored west vector: 672 blocks, 12.23 kWh, UTC=2026-10-07T14:15:01.839547+00:00
2026-10-07 14:15:02,054 [INFO] solar_forecast.main: Forecast vectors stored with UTC timestamp
2026-10-07 14:15:02,054 [INFO] solar_forecast.main: Step 2/2: Updating accuracy model...
2026-10-07 14:15:03,693 [INFO] solar_forecast.main: Accuracy model updated: 16 cells
2026-10-07 14:15:03,693 [INFO] solar_forecast.main: Pipeline completed at 2026-10-07T14:15:01.839547+00:00
2026-10-07 14:30:01,963 [INFO] solar_forecast.main: Starting pipeline at 2026-10-07T14:30:01.962868+00:00 UTC
2026-10-07 14:30:01,963 [INFO] solar_forecast.main: Step 1/2: Building forecast vectors...
2026-10-07 14:30:02,162 [INFO] solar_forecast.processing.vector_builder: Stored east vector: 672 blocks, 74.62 kWh, UTC=2026-10-07T14:30:01.962868+00:00
2026-10-07 14:30:02,178 [INFO] solar_forecast.processing.vector_builder: Stored west vector: 672 blocks, 12.21 kWh, UTC=2026-10-07T14:30:01.962868+00:00
2026-10-07 14:30:02,179 [INFO] solar_forecast.main: Forecast vectors stored with UTC timestamp
2026-10-07 14:30:02,179 [INFO] solar_forecast.main: Step 2/2: Updating accuracy model...
2026-10-07 14:30:03,761 [INFO] solar_forecast.main: Accuracy model updated: 16 cells
2026-10-07 14:30:03,762 [INFO] solar_forecast.main: Pipeline completed at 2026-10-07T14:30:01.962868+00:00
2026-10-07 14:45:02,032 [INFO] solar_forecast.main: Starting pipeline at 2026-10-07T14:45:02.032490+00:00 UTC
2026-10-07 14:45:02,032 [INFO] solar_forecast.main: Step 1/2: Building forecast vectors...
2026-10-07 14:45:02,254 [INFO] solar_forecast.processing.vector_builder: Stored east vector: 672 blocks, 74.58 kWh, UTC=2026-10-07T14:45:02.032490+00:00
2026-10-07 14:45:02,273 [INFO] solar_forecast.processing.vector_builder: Stored west vector: 672 blocks, 12.20 kWh, UTC=2026-10-07T14:45:02.032490+00:00
2026-10-07 14:45:02,274 [INFO] solar_forecast.main: Forecast vectors stored with UTC timestamp
2026-10-07 14:45:02,274 [INFO] solar_forecast.main: Step 2/2: Updating accuracy model...
2026-10-07 14:45:03,907 [INFO] solar_forecast.main: Accuracy model updated: 16 cells
2026-10-07 14:45:03,907 [INFO] solar_forecast.main: Pipeline completed at 2026-10-07T14:45:02.032490+00:00
2026-10-07 15:00:02,168 [INFO] solar_forecast.main: Starting pipeline at 2026-10-07T15:00:02.168119+00:00 UTC
2026-10-07 15:00:02,168 [INFO] solar_forecast.main: Step 1/2: Building forecast vectors...
2026-10-07 15:00:02,374 [INFO] solar_forecast.processing.vector_builder: Stored east vector: 672 blocks, 69.12 kWh, UTC=2026-10-07T15:00:02.168119+00:00
2026-10-07 15:00:02,387 [INFO] solar_forecast.processing.vector_builder: Stored west vector: 672 blocks, 11.80 kWh, UTC=2026-10-07T15:00:02.168119+00:00
2026-10-07 15:00:02,388 [INFO] solar_forecast.main: Forecast vectors stored with UTC timestamp
2026-10-07 15:00:02,388 [INFO] solar_forecast.main: Step 2/2: Updating accuracy model...
2026-10-07 15:00:04,008 [INFO] solar_forecast.main: Accuracy model updated: 16 cells
2026-10-07 15:00:04,008 [INFO] solar_forecast.main: Pipeline completed at 2026-10-07T15:00:02.168119+00:00
2026-10-07 15:15:01,271 [INFO] solar_forecast.main: Starting pipeline at 2026-10-07T15:15:01.270935+00:00 UTC
2026-10-07 15:15:01,271 [INFO] solar_forecast.main: Step 1/2: Building forecast vectors...
2026-10-07 15:15:01,497 [INFO] solar_forecast.processing.vector_builder: Stored east vector: 672 blocks, 69.10 kWh, UTC=2026-10-07T15:15:01.270935+00:00
2026-10-07 15:15:01,509 [INFO] solar_forecast.processing.vector_builder: Stored west vector: 672 blocks, 11.78 kWh, UTC=2026-10-07T15:15:01.270935+00:00
2026-10-07 15:15:01,510 [INFO] solar_forecast.main: Forecast vectors stored with UTC timestamp
2026-10-07 15:15:01,510 [INFO] solar_forecast.main: Step 2/2: Updating accuracy model...
2026-10-07 15:15:03,045 [INFO] solar_forecast.main: Accuracy model updated: 16 cells
2026-10-07 15:15:03,046 [INFO] solar_forecast.main: Pipeline completed at 2026-10-07T15:15:01.270935+00:00
2026-10-07 15:30:01,286 [INFO] solar_forecast.main: Starting pipeline at 2026-10-07T15:30:01.286638+00:00 UTC
2026-10-07 15:30:01,287 [INFO] solar_forecast.main: Step 1/2: Building forecast vectors...
2026-10-07 15:30:01,506 [INFO] solar_forecast.processing.vector_builder: Stored east vector: 672 blocks, 69.07 kWh, UTC=2026-10-07T15:30:01.286638+00:00
2026-10-07 15:30:01,519 [INFO] solar_forecast.processing.vector_builder: Stored west vector: 672 blocks, 11.77 kWh, UTC=2026-10-07T15:30:01.286638+00:00
2026-10-07 15:30:01,520 [INFO] solar_forecast.main: Forecast vectors stored with UTC timestamp
2026-10-07 15:30:01,520 [INFO] solar_forecast.main: Step 2/2: Updating accuracy model...
2026-10-07 15:30:03,101 [INFO] solar_forecast.main: Accuracy model updated: 16 cells
2026-10-07 15:30:03,101 [INFO] solar_forecast.main: Pipeline completed at 2026-10-07T15:30:01.286638+00:00
2026-10-07 15:45:01,377 [INFO] solar_forecast.main: Starting pipeline at 2026-10-07T15:45:01.377638+00:00 UTC
2026-10-07 15:45:01,378 [INFO] solar_forecast.main: Step 1/2: Building forecast vectors...
2026-10-07 15:45:01,593 [INFO] solar_forecast.processing.vector_builder: Stored east vector: 672 blocks, 69.05 kWh, UTC=2026-10-07T15:45:01.377638+00:00
2026-10-07 15:45:01,607 [INFO] solar_forecast.processing.vector_builder: Stored west vector: 672 blocks, 11.76 kWh, UTC=2026-10-07T15:45:01.377638+00:00
2026-10-07 15:45:01,608 [INFO] solar_forecast.main: Forecast vectors stored with UTC timestamp
2026-10-07 15:45:01,608 [INFO] solar_forecast.main: Step 2/2: Updating accuracy model...
2026-10-07 15:45:03,131 [INFO] solar_forecast.main: Accuracy model updated: 16 cells
2026-10-07 15:45:03,131 [INFO] solar_forecast.main: Pipeline completed at 2026-10-07T15:45:01.377638+00:00
2026-10-07 16:00:01,394 [INFO] solar_forecast.main: Starting pipeline at 2026-10-07T16:00:01.394426+00:00 UTC
2026-10-07 16:00:01,394 [INFO] solar_forecast.main: Step 1/2: Building forecast vectors...
2026-10-07 16:00:01,624 [INFO] solar_forecast.processing.vector_builder: Stored east vector: 672 blocks, 71.89 kWh, UTC=2026-10-07T16:00:01.394426+00:00
2026-10-07 16:00:01,650 [INFO] solar_forecast.processing.vector_builder: Stored west vector: 672 blocks, 12.14 kWh, UTC=2026-10-07T16:00:01.394426+00:00
2026-10-07 16:00:01,651 [INFO] solar_forecast.main: Forecast vectors stored with UTC timestamp
2026-10-07 16:00:01,651 [INFO] solar_forecast.main: Step 2/2: Updating accuracy model...
2026-10-07 16:00:03,245 [INFO] solar_forecast.main: Accuracy model updated: 16 cells
2026-10-07 16:00:03,245 [INFO] solar_forecast.main: Pipeline completed at 2026-10-07T16:00:01.394426+00:00
2026-10-07 16:15:01,505 [INFO] solar_forecast.main: Starting pipeline at 2026-10-07T16:15:01.505458+00:00 UTC
2026-10-07 16:15:01,505 [INFO] solar_forecast.main: Step 1/2: Building forecast vectors...
2026-10-07 16:15:01,713 [INFO] solar_forecast.processing.vector_builder: Stored east vector: 672 blocks, 71.88 kWh, UTC=2026-10-07T16:15:01.505458+00:00
2026-10-07 16:15:01,726 [INFO] solar_forecast.processing.vector_builder: Stored west vector: 672 blocks, 12.14 kWh, UTC=2026-10-07T16:15:01.505458+00:00
2026-10-07 16:15:01,728 [INFO] solar_forecast.main: Forecast vectors stored with UTC timestamp
2026-10-07 16:15:01,728 [INFO] solar_forecast.main: Step 2/2: Updating accuracy model...
2026-10-07 16:15:03,282 [INFO] solar_forecast.main: Accuracy model updated: 16 cells
2026-10-07 16:15:03,283 [INFO] solar_forecast.main: Pipeline completed at 2026-10-07T16:15:01.505458+00:00
2026-10-07 16:30:01,527 [INFO] solar_forecast.main: Starting pipeline at 2026-10-07T16:30:01.526950+00:00 UTC
2026-10-07 16:30:01,527 [INFO] solar_forecast.main: Step 1/2: Building forecast vectors...
2026-10-07 16:30:01,744 [INFO] solar_forecast.processing.vector_builder: Stored east vector: 672 blocks, 71.88 kWh, UTC=2026-10-07T16:30:01.526950+00:00
2026-10-07 16:30:01,757 [INFO] solar_forecast.processing.vector_builder: Stored west vector: 672 blocks, 12.13 kWh, UTC=2026-10-07T16:30:01.526950+00:00
2026-10-07 16:30:01,757 [INFO] solar_forecast.main: Forecast vectors stored with UTC timestamp
2026-10-07 16:30:01,757 [INFO] solar_forecast.main: Step 2/2: Updating accuracy model...
2026-10-07 16:30:03,392 [INFO] solar_forecast.main: Accuracy model updated: 16 cells
2026-10-07 16:30:03,393 [INFO] solar_forecast.main: Pipeline completed at 2026-10-07T16:30:01.526950+00:00
2026-10-07 16:45:01,664 [INFO] solar_forecast.main: Starting pipeline at 2026-10-07T16:45:01.664731+00:00 UTC
2026-10-07 16:45:01,665 [INFO] solar_forecast.main: Step 1/2: Building forecast vectors...
2026-10-07 16:45:01,863 [INFO] solar_forecast.processing.vector_builder: Stored east vector: 672 blocks, 71.87 kWh, UTC=2026-10-07T16:45:01.664731+00:00
2026-10-07 16:45:01,875 [INFO] solar_forecast.processing.vector_builder: Stored west vector: 672 blocks, 12.13 kWh, UTC=2026-10-07T16:45:01.664731+00:00
2026-10-07 16:45:01,875 [INFO] solar_forecast.main: Forecast vectors stored with UTC timestamp
2026-10-07 16:45:01,876 [INFO] solar_forecast.main: Step 2/2: Updating accuracy model...
2026-10-07 16:45:03,404 [INFO] solar_forecast.main: Accuracy model updated: 16 cells
2026-10-07 16:45:03,405 [INFO] solar_forecast.main: Pipeline completed at 2026-10-07T16:45:01.664731+00:00
2026-10-07 17:00:01,717 [INFO] solar_forecast.main: Starting pipeline at 2026-10-07T17:00:01.717534+00:00 UTC
2026-10-07 17:00:01,718 [INFO] solar_forecast.main: Step 1/2: Building forecast vectors...
2026-10-07 17:00:01,930 [INFO] solar_forecast.processing.vector_builder: Stored east vector: 672 blocks, 73.29 kWh, UTC=2026-10-07T17:00:01.717534+00:00
2026-10-07 17:00:01,942 [INFO] solar_forecast.processing.vector_builder: Stored west vector: 672 blocks, 11.92 kWh, UTC=2026-10-07T17:00:01.717534+00:00
2026-10-07 17:00:01,943 [INFO] solar_forecast.main: Forecast vectors stored with UTC timestamp
2026-10-07 17:00:01,943 [INFO] solar_forecast.main: Step 2/2: Updating accuracy model...
2026-10-07 17:00:03,562 [INFO] solar_forecast.main: Accuracy model updated: 16 cells
2026-10-07 17:00:03,562 [INFO] solar_forecast.main: Pipeline completed at 2026-10-07T17:00:01.717534+00:00
2026-10-07 17:15:01,812 [INFO] solar_forecast.main: Starting pipeline at 2026-10-07T17:15:01.812520+00:00 UTC
2026-10-07 17:15:01,812 [INFO] solar_forecast.main: Step 1/2: Building forecast vectors...
2026-10-07 17:15:02,020 [INFO] solar_forecast.processing.vector_builder: Stored east vector: 672 blocks, 73.29 kWh, UTC=2026-10-07T17:15:01.812520+00:00
2026-10-07 17:15:02,039 [INFO] solar_forecast.processing.vector_builder: Stored west vector: 672 blocks, 11.92 kWh, UTC=2026-10-07T17:15:01.812520+00:00
2026-10-07 17:15:02,040 [INFO] solar_forecast.main: Forecast vectors stored with UTC timestamp
2026-10-07 17:15:02,040 [INFO] solar_forecast.main: Step 2/2: Updating accuracy model...
2026-10-07 17:15:02,181 [INFO] solar_forecast.main: Accuracy model updated: 0 cells
2026-10-07 17:15:02,182 [INFO] solar_forecast.main: Pipeline completed at 2026-10-07T17:15:01.812520+00:00
2026-10-07 17:30:01,436 [INFO] solar_forecast.main: Starting pipeline at 2026-10-07T17:30:01.436584+00:00 UTC
2026-10-07 17:30:01,437 [INFO] solar_forecast.main: Step 1/2: Building forecast vectors...
2026-10-07 17:30:01,652 [INFO] solar_forecast.processing.vector_builder: Stored east vector: 672 blocks, 73.29 kWh, UTC=2026-10-07T17:30:01.436584+00:00
2026-10-07 17:30:01,666 [INFO] solar_forecast.processing.vector_builder: Stored west vector: 672 blocks, 11.92 kWh, UTC=2026-10-07T17:30:01.436584+00:00
2026-10-07 17:30:01,669 [INFO] solar_forecast.main: Forecast vectors stored with UTC timestamp
2026-10-07 17:30:01,669 [INFO] solar_forecast.main: Step 2/2: Updating accuracy model...
2026-10-07 17:30:01,809 [INFO] solar_forecast.main: Accuracy model updated: 0 cells
2026-10-07 17:30:01,810 [INFO] solar_forecast.main: Pipeline completed at 2026-10-07T17:30:01.436584+00:00
2026-10-07 17:45:02,071 [INFO] solar_forecast.main: Starting pipeline at 2026-10-07T17:45:02.071017+00:00 UTC
2026-10-07 17:45:02,071 [INFO] solar_forecast.main: Step 1/2: Building forecast vectors...
2026-10-07 17:45:02,272 [INFO] solar_forecast.processing.vector_builder: Stored east vector: 672 blocks, 73.29 kWh, UTC=2026-10-07T17:45:02.071017+00:00
2026-10-07 17:45:02,286 [INFO] solar_forecast.processing.vector_builder: Stored west vector: 672 blocks, 11.92 kWh, UTC=2026-10-07T17:45:02.071017+00:00
2026-10-07 17:45:02,286 [INFO] solar_forecast.main: Forecast vectors stored with UTC timestamp
2026-10-07 17:45:02,287 [INFO] solar_forecast.main: Step 2/2: Updating accuracy model...
2026-10-07 17:45:02,423 [INFO] solar_forecast.main: Accuracy model updated: 0 cells
2026-10-07 17:45:02,424 [INFO] solar_forecast.main: Pipeline completed at 2026-10-07T17:45:02.071017+00:00
2026-10-07 18:00:01,685 [INFO] solar_forecast.main: Starting pipeline at 2026-10-07T18:00:01.685610+00:00 UTC
2026-10-07 18:00:01,686 [INFO] solar_forecast.main: Step 1/2: Building forecast vectors...
2026-10-07 18:00:01,917 [INFO] solar_forecast.processing.vector_builder: Stored east vector: 672 blocks, 73.38 kWh, UTC=2026-10-07T18:00:01.685610+00:00
2026-10-07 18:00:01,940 [INFO] solar_forecast.processing.vector_builder: Stored west vector: 672 blocks, 12.18 kWh, UTC=2026-10-07T18:00:01.685610+00:00
2026-10-07 18:00:01,941 [INFO] solar_forecast.main: Forecast vectors stored with UTC timestamp
2026-10-07 18:00:01,941 [INFO] solar_forecast.main: Step 2/2: Updating accuracy model...
2026-10-07 18:00:02,101 [INFO] solar_forecast.main: Accuracy model updated: 0 cells
2026-10-07 18:00:02,101 [INFO] solar_forecast.main: Pipeline completed at 2026-10-07T18:00:01.685610+00:00
2026-10-07 18:15:01,369 [INFO] solar_forecast.main: Starting pipeline at 2026-10-07T18:15:01.368996+00:00 UTC
2026-10-07 18:15:01,369 [INFO] solar_forecast.main: Step 1/2: Building forecast vectors...
2026-10-07 18:15:01,581 [INFO] solar_forecast.processing.vector_builder: Stored east vector: 672 blocks, 73.38 kWh, UTC=2026-10-07T18:15:01.368996+00:00
2026-10-07 18:15:01,602 [INFO] solar_forecast.processing.vector_builder: Stored west vector: 672 blocks, 12.18 kWh, UTC=2026-10-07T18:15:01.368996+00:00
2026-10-07 18:15:01,603 [INFO] solar_forecast.main: Forecast vectors stored with UTC timestamp
2026-10-07 18:15:01,603 [INFO] solar_forecast.main: Step 2/2: Updating accuracy model...
2026-10-07 18:15:01,738 [INFO] solar_forecast.main: Accuracy model updated: 0 cells
2026-10-07 18:15:01,738 [INFO] solar_forecast.main: Pipeline completed at 2026-10-07T18:15:01.368996+00:00
2026-10-07 18:30:02,000 [INFO] solar_forecast.main: Starting pipeline at 2026-10-07T18:30:01.999954+00:00 UTC
2026-10-07 18:30:02,000 [INFO] solar_forecast.main: Step 1/2: Building forecast vectors...
2026-10-07 18:30:02,224 [INFO] solar_forecast.processing.vector_builder: Stored east vector: 672 blocks, 73.38 kWh, UTC=2026-10-07T18:30:01.999954+00:00
2026-10-07 18:30:02,235 [INFO] solar_forecast.processing.vector_builder: Stored west vector: 672 blocks, 12.18 kWh, UTC=2026-10-07T18:30:01.999954+00:00
2026-10-07 18:30:02,239 [INFO] solar_forecast.main: Forecast vectors stored with UTC timestamp
2026-10-07 18:30:02,239 [INFO] solar_forecast.main: Step 2/2: Updating accuracy model...
2026-10-07 18:30:02,394 [INFO] solar_forecast.main: Accuracy model updated: 0 cells
2026-10-07 18:30:02,395 [INFO] solar_forecast.main: Pipeline completed at 2026-10-07T18:30:01.999954+00:00
2026-10-07 18:45:01,670 [INFO] solar_forecast.main: Starting pipeline at 2026-10-07T18:45:01.669875+00:00 UTC
2026-10-07 18:45:01,670 [INFO] solar_forecast.main: Step 1/2: Building forecast vectors...
2026-10-07 18:45:01,869 [INFO] solar_forecast.processing.vector_builder: Stored east vector: 672 blocks, 73.38 kWh, UTC=2026-10-07T18:45:01.669875+00:00
2026-10-07 18:45:01,884 [INFO] solar_forecast.processing.vector_builder: Stored west vector: 672 blocks, 12.18 kWh, UTC=2026-10-07T18:45:01.669875+00:00
2026-10-07 18:45:01,885 [INFO] solar_forecast.main: Forecast vectors stored with UTC timestamp
2026-10-07 18:45:01,886 [INFO] solar_forecast.main: Step 2/2: Updating accuracy model...
2026-10-07 18:45:02,037 [INFO] solar_forecast.main: Accuracy model updated: 0 cells
2026-10-07 18:45:02,037 [INFO] solar_forecast.main: Pipeline completed at 2026-10-07T18:45:01.669875+00:00
2026-10-07 19:00:01,280 [INFO] solar_forecast.main: Starting pipeline at 2026-10-07T19:00:01.280540+00:00 UTC
2026-10-07 19:00:01,280 [INFO] solar_forecast.main: Step 1/2: Building forecast vectors...
2026-10-07 19:00:01,491 [INFO] solar_forecast.processing.vector_builder: Stored east vector: 672 blocks, 74.03 kWh, UTC=2026-10-07T19:00:01.280540+00:00
2026-10-07 19:00:01,505 [INFO] solar_forecast.processing.vector_builder: Stored west vector: 672 blocks, 11.06 kWh, UTC=2026-10-07T19:00:01.280540+00:00
2026-10-07 19:00:01,505 [INFO] solar_forecast.main: Forecast vectors stored with UTC timestamp
2026-10-07 19:00:01,506 [INFO] solar_forecast.main: Step 2/2: Updating accuracy model...
2026-10-07 19:00:01,642 [INFO] solar_forecast.main: Accuracy model updated: 0 cells
2026-10-07 19:00:01,642 [INFO] solar_forecast.main: Pipeline completed at 2026-10-07T19:00:01.280540+00:00
2026-10-07 19:15:01,895 [INFO] solar_forecast.main: Starting pipeline at 2026-10-07T19:15:01.894905+00:00 UTC
2026-10-07 19:15:01,895 [INFO] solar_forecast.main: Step 1/2: Building forecast vectors...
2026-10-07 19:15:02,102 [INFO] solar_forecast.processing.vector_builder: Stored east vector: 672 blocks, 74.03 kWh, UTC=2026-10-07T19:15:01.894905+00:00
2026-10-07 19:15:02,120 [INFO] solar_forecast.processing.vector_builder: Stored west vector: 672 blocks, 11.06 kWh, UTC=2026-10-07T19:15:01.894905+00:00
2026-10-07 19:15:02,121 [INFO] solar_forecast.main: Forecast vectors stored with UTC timestamp
2026-10-07 19:15:02,121 [INFO] solar_forecast.main: Step 2/2: Updating accuracy model...
2026-10-07 19:15:02,260 [INFO] solar_forecast.main: Accuracy model updated: 0 cells
2026-10-07 19:15:02,260 [INFO] solar_forecast.main: Pipeline completed at 2026-10-07T19:15:01.894905+00:00
2026-10-07 19:30:01,521 [INFO] solar_forecast.main: Starting pipeline at 2026-10-07T19:30:01.521437+00:00 UTC
2026-10-07 19:30:01,521 [INFO] solar_forecast.main: Step 1/2: Building forecast vectors...
2026-10-07 19:30:01,720 [INFO] solar_forecast.processing.vector_builder: Stored east vector: 672 blocks, 80.17 kWh, UTC=2026-10-07T19:30:01.521437+00:00
2026-10-07 19:30:01,732 [INFO] solar_forecast.processing.vector_builder: Stored west vector: 672 blocks, 11.09 kWh, UTC=2026-10-07T19:30:01.521437+00:00
2026-10-07 19:30:01,732 [INFO] solar_forecast.main: Forecast vectors stored with UTC timestamp
2026-10-07 19:30:01,732 [INFO] solar_forecast.main: Step 2/2: Updating accuracy model...
2026-10-07 19:30:01,882 [INFO] solar_forecast.main: Accuracy model updated: 0 cells
2026-10-07 19:30:01,882 [INFO] solar_forecast.main: Pipeline completed at 2026-10-07T19:30:01.521437+00:00
2026-10-07 19:45:02,166 [INFO] solar_forecast.main: Starting pipeline at 2026-10-07T19:45:02.166565+00:00 UTC
2026-10-07 19:45:02,167 [INFO] solar_forecast.main: Step 1/2: Building forecast vectors...
2026-10-07 19:45:02,502 [INFO] solar_forecast.processing.vector_builder: Stored east vector: 672 blocks, 80.17 kWh, UTC=2026-10-07T19:45:02.166565+00:00
2026-10-07 19:45:02,517 [INFO] solar_forecast.processing.vector_builder: Stored west vector: 672 blocks, 11.09 kWh, UTC=2026-10-07T19:45:02.166565+00:00
2026-10-07 19:45:02,518 [INFO] solar_forecast.main: Forecast vectors stored with UTC timestamp
2026-10-07 19:45:02,518 [INFO] solar_forecast.main: Step 2/2: Updating accuracy model...
2026-10-07 19:45:02,671 [INFO] solar_forecast.main: Accuracy model updated: 0 cells
2026-10-07 19:45:02,671 [INFO] solar_forecast.main: Pipeline completed at 2026-10-07T19:45:02.166565+00:00
